document_index,cluster
0,2
1,3
2,3
3,2
4,2
5,2
6,0
7,2
8,2
9,0
10,2
11,2
12,3
13,2
14,3
15,2
16,2
17,3
18,2
19,2
20,2
21,3
22,2
23,2
24,2
25,2
26,2
27,2
28,2
29,2
30,2
31,2
32,2
33,2
34,2
35,3
36,2
37,2
38,2
39,2
40,2
41,2
42,2
43,2
44,2
45,3
46,3
47,2
48,2
49,2
50,2
51,0
52,2
53,2
54,2
55,2
56,3
57,2
58,2
59,2
60,2
61,2
62,2
63,2
64,2
65,3
66,0
67,2
68,3
69,3
70,2
71,2
72,3
73,2
74,2
75,2
76,3
77,2
78,3
79,2
80,2
81,2
82,3
83,2
84,2
85,2
86,2
87,2
88,2
89,2
90,2
91,2
92,3
93,2
94,2
95,0
96,3
97,2
98,3
99,2
100,2
101,3
102,3
103,2
104,2
105,0
106,2
107,2
108,2
109,2
110,2
111,2
112,3
113,2
114,3
115,3
116,3
117,2
118,3
119,2
120,0
121,2
122,2
123,3
124,2
125,3
126,3
127,2
128,2
129,3
130,2
131,2
132,2
133,2
134,2
135,2
136,2
137,2
138,3
139,3
140,2
141,3
142,2
143,2
144,1
145,2
146,3
147,2
148,3
149,3
150,2
151,2
152,2
153,2
154,2
155,2
156,3
157,3
158,2
159,3
160,2
161,2
162,3
163,3
164,3
165,2
166,2
167,2
168,2
169,2
170,2
171,3
172,2
173,3
174,3
175,2
176,2
177,3
178,2
179,2
180,2
181,2
182,3
183,3
184,2
185,2
186,3
187,2
188,2
189,2
190,0
191,2
192,2
193,2
194,2
195,2
196,2
197,2
198,2
199,2
200,2
201,3
202,3
203,2
204,2
205,2
206,2
207,3
208,2
209,2
210,2
211,3
212,2
213,3
214,2
215,2
216,3
217,0
218,0
219,2
220,3
221,0
222,2
223,0
224,3
225,3
226,2
227,3
228,2
229,0
230,2
231,2
232,3
233,2
234,2
235,2
236,2
237,2
238,2
239,2
240,3
241,3
242,2
243,2
244,2
245,2
246,2
247,2
248,3
249,3
250,2
251,3
252,2
253,2
254,2
255,3
256,2
257,2
258,3
259,2
260,2
261,3
262,3
263,2
264,2
265,2
266,2
267,3
268,2
269,2
270,3
271,3
272,0
273,3
274,2
275,2
276,2
277,3
278,2
279,2
280,3
281,2
282,3
283,2
284,2
285,2
286,2
287,2
288,2
289,3
290,3
291,3
292,2
293,2
294,3
295,2
296,2
297,2
298,3
299,2
300,0
301,2
302,2
303,2
304,3
305,2
306,2
307,2
308,2
309,2
310,2
311,3
312,2
313,2
314,2
315,2
316,3
317,2
318,2
319,2
320,0
321,2
322,2
323,3
324,0
325,2
326,0
327,3
328,0
329,2
330,3
331,3
332,3
333,3
334,2
335,2
336,2
337,2
338,3
339,3
340,2
341,3
342,2
343,3
344,2
345,2
346,3
347,2
348,0
349,2
350,3
351,3
352,2
353,0
354,2
355,2
356,2
357,2
358,2
359,2
360,2
361,2
362,3
363,2
364,0
365,2
366,2
367,3
368,2
369,2
370,2
371,2
372,2
373,3
374,2
375,2
376,2
377,2
378,2
379,2
380,3
381,2
382,2
383,2
384,2
385,3
386,2
387,2
388,2
389,2
390,3
391,2
392,2
393,0
394,3
395,0
396,2
397,3
398,2
399,2
400,2
401,2
402,2
403,2
404,3
405,3
406,2
407,2
408,0
409,2
410,3
411,2
412,2
413,2
414,2
415,2
416,2
417,3
418,3
419,2
420,2
421,2
422,3
423,2
424,3
425,2
426,2
427,0
428,2
429,2
430,2
431,3
432,2
433,3
434,2
435,2
436,0
437,2
438,2
439,2
440,3
441,2
442,0
443,0
444,2
445,0
446,2
447,2
448,2
449,2
450,2
451,2
452,2
453,0
454,2
455,3
456,3
457,2
458,0
459,2
460,3
461,3
462,2
463,2
464,2
465,2
466,2
467,2
468,0
469,2
470,3
471,0
472,2
473,2
474,0
475,2
476,2
477,0
478,2
479,2
480,2
481,3
482,3
483,2
484,2
485,2
486,0
487,2
488,0
489,2
490,3
491,2
492,3
493,2
494,2
495,3
496,2
497,2
498,2
499,3
500,2
501,0
502,3
503,3
504,3
505,2
506,2
507,2
508,3
509,2
510,2
511,2
512,3
513,2
514,3
515,3
516,2
517,2
518,2
519,2
520,2
521,3
522,2
523,0
524,2
525,0
526,0
527,2
528,2
529,3
530,2
531,3
532,2
533,0
534,2
535,3
536,2
537,3
538,2
539,2
540,3
541,2
542,2
543,3
544,0
545,2
546,0
547,3
548,2
549,2
550,2
551,2
552,2
553,2
554,3
555,2
556,3
557,3
558,2
559,2
560,2
561,2
562,2
563,2
564,0
565,3
566,2
567,2
568,2
569,2
570,0
571,2
572,2
573,2
574,2
575,2
576,3
577,2
578,2
579,2
580,0
581,2
582,2
583,2
584,0
585,2
586,2
587,3
588,2
589,3
590,2
591,2
592,2
593,2
594,2
595,3
596,2
597,2
598,3
599,3
600,3
601,2
602,0
603,2
604,2
605,2
606,3
607,2
608,2
609,3
610,2
611,3
612,2
613,0
614,3
615,2
616,2
617,3
618,2
619,2
620,3
621,2
622,2
623,2
624,2
625,2
626,2
627,2
628,2
629,3
630,3
631,3
632,0
633,0
634,2
635,2
636,2
637,2
638,0
639,0
640,2
641,2
642,0
643,3
644,2
645,3
646,0
647,0
648,0
649,2
650,2
651,2
652,2
653,2
654,2
655,2
656,3
657,0
658,3
659,2
660,2
661,3
662,0
663,0
664,3
665,2
666,2
667,2
668,0
669,2
670,2
671,3
672,2
673,0
674,2
675,2
676,2
677,0
678,0
679,3
680,2
681,2
682,0
683,2
684,3
685,2
686,2
687,2
688,2
689,2
690,2
691,2
692,3
693,0
694,2
695,2
696,3
697,0
698,2
699,0
700,3
701,0
702,3
703,0
704,0
705,0
706,3
707,0
708,3
709,2
710,3
711,2
712,2
713,2
714,0
715,2
716,2
717,3
718,0
719,2
720,3
721,2
722,1
723,0
724,2
725,2
726,2
727,0
728,2
729,2
730,2
731,3
732,3
733,2
734,2
735,0
736,2
737,0
738,2
739,2
740,2
741,2
742,3
743,2
744,0
745,2
746,2
747,2
748,2
749,2
750,2
751,2
752,2
753,2
754,2
755,2
756,3
757,0
758,2
759,2
760,2
761,3
762,2
763,3
764,2
765,3
766,2
767,3
768,2
769,2
770,3
771,2
772,2
773,2
774,3
775,2
776,3
777,0
778,3
779,2
780,2
781,2
782,2
783,2
784,3
785,3
786,2
787,2
788,2
789,2
790,3
791,2
792,2
793,2
794,2
795,2
796,2
797,2
798,3
799,2
800,2
801,0
802,2
803,3
804,0
805,2
806,0
807,2
808,2
809,2
810,0
811,3
812,0
813,3
814,2
815,2
816,2
817,2
818,2
819,0
820,2
821,2
822,2
823,2
824,2
825,2
826,2
827,2
828,2
829,2
830,0
831,2
832,2
833,2
834,2
835,2
836,2
837,2
838,2
839,0
840,2
841,2
842,2
843,3
844,3
845,2
846,2
847,2
848,3
849,3
850,2
851,2
852,3
853,2
854,2
855,2
856,2
857,2
858,2
859,2
860,2
861,3
862,2
863,2
864,2
865,2
866,2
867,2
868,2
869,2
870,2
871,3
872,2
873,3
874,3
875,2
876,2
877,2
878,3
879,2
880,3
881,2
882,2
883,3
884,3
885,3
886,3
887,3
888,2
889,0
890,3
891,2
892,2
893,3
894,2
895,2
896,3
897,2
898,2
899,3
900,3
901,2
902,3
903,2
904,3
905,3
906,2
907,2
908,0
909,3
910,2
911,2
912,0
913,2
914,3
915,2
916,2
917,0
918,2
919,2
920,2
921,2
922,2
923,2
924,2
925,3
926,2
927,2
928,2
929,0
930,2
931,3
932,2
933,3
934,2
935,2
936,3
937,2
938,2
939,2
940,3
941,2
942,3
943,2
944,2
945,0
946,2
947,3
948,2
949,2
950,2
951,0
952,2
953,2
954,2
955,2
956,2
957,0
958,2
959,3
960,2
961,2
962,2
963,2
964,2
965,0
966,2
967,2
968,0
969,2
970,2
971,2
972,2
973,2
974,3
975,0
976,0
977,2
978,2
979,2
980,2
981,2
982,2
983,2
984,2
985,2
986,2
987,3
988,0
989,2
990,3
991,2
992,0
993,2
994,2
995,2
996,0
997,2
998,3
999,0
1000,2
1001,2
1002,2
1003,3
1004,3
1005,2
1006,2
1007,2
1008,0
1009,2
1010,2
1011,2
1012,2
1013,3
1014,2
1015,3
1016,2
1017,3
1018,2
1019,2
1020,2
1021,3
1022,2
1023,2
1024,0
1025,3
1026,2
1027,2
1028,2
1029,2
1030,2
1031,3
1032,2
1033,3
1034,2
1035,3
1036,2
1037,3
1038,2
1039,0
1040,2
1041,3
1042,0
1043,0
1044,2
1045,2
1046,3
1047,3
1048,2
1049,2
1050,2
1051,3
1052,2
1053,2
1054,3
1055,2
1056,3
1057,2
1058,2
1059,0
1060,2
1061,2
1062,3
1063,2
1064,2
1065,2
1066,2
1067,2
1068,2
1069,2
1070,1
1071,2
1072,2
1073,2
1074,3
1075,2
1076,2
1077,2
1078,2
1079,0
1080,2
1081,3
1082,2
1083,2
1084,2
1085,3
1086,0
1087,2
1088,2
1089,2
1090,2
1091,2
1092,2
1093,0
1094,2
1095,0
1096,2
1097,0
1098,2
1099,2
1100,3
1101,3
1102,2
1103,2
1104,2
1105,2
1106,2
1107,2
1108,0
1109,2
1110,2
1111,3
1112,2
1113,2
1114,2
1115,2
1116,0
1117,2
1118,2
1119,2
1120,2
1121,2
1122,2
1123,2
1124,2
1125,2
1126,2
1127,2
1128,2
1129,2
1130,2
1131,2
1132,2
1133,2
1134,2
1135,2
1136,3
1137,2
1138,2
1139,2
1140,3
1141,2
1142,3
1143,2
1144,2
1145,2
1146,2
1147,2
1148,2
1149,2
1150,2
1151,2
1152,3
1153,2
1154,2
1155,2
1156,2
1157,2
1158,2
1159,0
1160,2
1161,2
1162,2
1163,2
1164,2
1165,2
1166,2
1167,3
1168,2
1169,2
1170,2
1171,2
1172,2
1173,2
1174,2
1175,2
1176,2
1177,2
1178,2
1179,3
1180,2
1181,2
1182,2
1183,2
1184,2
1185,2
1186,2
1187,2
1188,2
1189,2
1190,2
1191,2
1192,2
1193,2
1194,2
1195,2
1196,2
1197,2
1198,2
1199,2
1200,2
1201,2
1202,2
1203,2
1204,2
1205,2
1206,2
1207,2
1208,2
1209,2
1210,2
1211,2
1212,2
1213,0
1214,2
1215,2
1216,2
1217,2
1218,2
1219,2
1220,2
1221,0
1222,2
1223,2
1224,2
1225,0
1226,2
1227,2
1228,2
1229,2
1230,2
1231,2
1232,2
1233,2
1234,2
1235,2
1236,2
1237,2
1238,2
1239,2
1240,2
1241,2
1242,2
1243,2
1244,2
1245,2
1246,2
1247,2
1248,2
1249,2
1250,2
1251,2
1252,2
1253,0
1254,2
1255,2
1256,2
1257,2
1258,0
1259,2
1260,2
1261,2
1262,0
1263,3
1264,2
1265,3
1266,2
1267,2
1268,2
1269,0
1270,2
1271,2
1272,2
1273,2
1274,2
1275,0
1276,2
1277,3
1278,2
1279,2
1280,2
1281,2
1282,2
1283,2
1284,2
1285,2
1286,2
1287,0
1288,2
1289,2
1290,2
1291,2
1292,0
1293,0
1294,2
1295,2
1296,2
1297,2
1298,2
1299,2
1300,2
1301,2
1302,2
1303,2
1304,2
1305,2
1306,2
1307,2
1308,2
1309,2
1310,2
1311,2
1312,2
1313,2
1314,2
1315,2
1316,2
1317,2
1318,2
1319,2
1320,2
1321,2
1322,2
1323,2
1324,2
1325,2
1326,2
1327,2
1328,2
1329,2
1330,2
1331,2
1332,2
1333,2
1334,2
1335,2
1336,2
1337,2
1338,2
1339,2
1340,2
1341,2
1342,2
1343,2
1344,0
1345,2
1346,0
1347,3
1348,2
1349,2
1350,2
1351,2
1352,2
1353,2
1354,2
1355,2
1356,2
1357,2
1358,2
1359,2
1360,3
1361,2
1362,3
1363,2
1364,2
1365,2
1366,2
1367,0
1368,2
1369,2
1370,2
1371,3
1372,2
1373,2
1374,3
1375,2
1376,2
1377,2
1378,2
1379,2
1380,2
1381,2
1382,2
1383,2
1384,2
1385,2
1386,2
1387,2
1388,2
1389,2
1390,2
1391,2
1392,2
1393,2
1394,2
1395,2
1396,2
1397,2
1398,2
1399,3
1400,2
1401,2
1402,3
1403,2
1404,2
1405,2
1406,2
1407,2
1408,2
1409,2
1410,3
1411,3
1412,2
1413,2
1414,2
1415,3
1416,2
1417,2
1418,2
1419,2
1420,2
1421,2
1422,2
1423,2
1424,2
1425,2
1426,2
1427,3
1428,2
1429,2
1430,2
1431,2
1432,3
1433,2
1434,2
1435,2
1436,2
1437,2
1438,2
1439,2
1440,2
1441,2
1442,2
1443,2
1444,2
1445,2
1446,3
1447,2
1448,2
1449,2
1450,2
1451,2
1452,2
1453,3
1454,2
1455,2
1456,2
1457,2
1458,2
1459,2
1460,2
1461,2
1462,2
1463,2
1464,3
1465,2
1466,2
1467,2
1468,2
1469,2
1470,2
1471,2
1472,2
1473,2
1474,2
1475,2
1476,2
1477,2
1478,2
1479,3
1480,3
1481,2
1482,0
1483,2
1484,2
1485,2
1486,3
1487,2
1488,2
1489,2
1490,2
1491,2
1492,2
1493,2
1494,2
1495,2
1496,2
1497,2
1498,2
1499,2
1500,2
1501,2
1502,2
1503,2
1504,2
1505,2
1506,2
1507,2
1508,2
1509,3
1510,2
1511,2
1512,2
1513,2
1514,3
1515,2
1516,2
1517,2
1518,2
1519,2
1520,2
1521,2
1522,2
1523,2
1524,2
1525,2
1526,2
1527,2
1528,2
1529,2
1530,2
1531,2
1532,2
1533,2
1534,2
1535,2
1536,3
1537,0
1538,2
1539,0
1540,0
1541,2
1542,2
1543,2
1544,2
1545,2
1546,2
1547,2
1548,3
1549,0
1550,2
1551,2
1552,2
1553,2
1554,2
1555,2
1556,3
1557,2
1558,2
1559,2
1560,3
1561,2
1562,0
1563,2
1564,2
1565,2
1566,2
1567,2
1568,2
1569,2
1570,2
1571,3
1572,2
1573,2
1574,2
1575,2
1576,2
1577,3
1578,2
1579,2
1580,2
1581,2
1582,3
1583,3
1584,2
1585,3
1586,3
1587,2
1588,2
1589,2
1590,2
1591,2
1592,2
1593,2
1594,0
1595,2
1596,2
1597,2
1598,2
1599,3
1600,2
1601,0
1602,2
1603,2
1604,2
1605,0
1606,2
1607,2
1608,0
1609,2
1610,0
1611,2
1612,2
1613,2
1614,2
1615,3
1616,2
1617,2
1618,2
1619,2
1620,2
1621,2
1622,2
1623,3
1624,2
1625,2
1626,3
1627,2
1628,2
1629,3
1630,2
1631,3
1632,2
1633,1
1634,2
1635,3
1636,3
1637,0
1638,2
1639,2
1640,0
1641,2
1642,2
1643,3
1644,2
1645,2
1646,3
1647,0
1648,2
1649,3
1650,3
1651,2
1652,2
1653,2
1654,3
1655,2
1656,2
1657,2
1658,0
1659,2
1660,2
1661,2
1662,3
1663,3
1664,2
1665,2
1666,2
1667,2
1668,2
1669,2
1670,2
1671,3
1672,2
1673,2
1674,2
1675,3
1676,2
1677,2
1678,2
1679,2
1680,2
1681,3
1682,2
1683,2
1684,2
1685,3
1686,3
1687,3
1688,2
1689,2
1690,2
1691,3
1692,3
1693,2
1694,2
1695,2
1696,2
1697,2
1698,2
1699,2
1700,2
1701,0
1702,3
1703,3
1704,2
1705,3
1706,2
1707,2
1708,2
1709,2
1710,3
1711,2
1712,2
1713,2
1714,2
1715,2
1716,2
1717,2
1718,2
1719,3
1720,0
1721,2
1722,3
1723,2
1724,2
1725,2
1726,0
1727,2
1728,2
1729,0
1730,2
1731,2
1732,2
1733,2
1734,0
1735,0
1736,0
1737,3
1738,2
1739,0
1740,3
1741,2
1742,2
1743,2
1744,2
1745,2
1746,2
1747,2
1748,3
1749,2
1750,3
1751,2
1752,2
1753,2
1754,2
1755,2
1756,2
1757,2
1758,2
1759,3
1760,2
1761,2
1762,2
1763,2
1764,2
1765,2
1766,2
1767,2
1768,3
1769,2
1770,2
1771,2
1772,3
1773,2
1774,2
1775,2
1776,0
1777,2
1778,2
1779,3
1780,2
1781,0
1782,2
1783,2
1784,3
1785,2
1786,2
1787,3
1788,2
1789,2
1790,3
1791,3
1792,2
1793,3
1794,3
1795,3
1796,2
1797,3
1798,2
1799,2
1800,2
1801,2
1802,2
1803,2
1804,3
1805,2
1806,3
1807,2
1808,2
1809,2
1810,2
1811,2
1812,2
1813,3
1814,1
1815,2
1816,3
1817,2
1818,2
1819,3
1820,2
1821,3
1822,2
1823,2
1824,3
1825,3
1826,2
1827,2
1828,3
1829,2
1830,2
1831,0
1832,2
1833,3
1834,2
1835,0
1836,2
1837,2
1838,2
1839,2
1840,2
1841,3
1842,2
1843,2
1844,2
1845,2
1846,2
1847,2
1848,2
1849,0
1850,2
1851,3
1852,3
1853,2
1854,0
1855,2
1856,2
1857,2
1858,0
1859,0
1860,2
1861,2
1862,2
1863,2
1864,2
1865,2
1866,2
1867,2
1868,2
1869,2
1870,2
1871,1
1872,0
1873,2
1874,2
1875,2
1876,0
1877,2
1878,0
1879,2
1880,2
1881,2
1882,2
1883,2
1884,2
1885,2
1886,3
1887,3
1888,2
1889,2
1890,1
1891,2
1892,2
1893,3
1894,2
1895,2
1896,0
1897,0
1898,3
1899,2
1900,2
1901,2
1902,2
1903,2
1904,0
1905,2
1906,0
1907,2
1908,3
1909,2
1910,3
1911,2
1912,2
1913,2
1914,2
1915,2
1916,2
1917,2
1918,2
1919,1
1920,2
1921,0
1922,0
1923,2
1924,2
1925,2
1926,2
1927,2
1928,3
1929,3
1930,2
1931,2
1932,2
1933,2
1934,2
1935,2
1936,0
1937,0
1938,2
1939,2
1940,2
1941,2
1942,2
1943,2
1944,0
1945,2
1946,3
1947,2
1948,2
1949,2
1950,0
1951,2
1952,0
1953,2
1954,0
1955,3
1956,2
1957,2
1958,0
1959,2
1960,2
1961,2
1962,0
1963,2
1964,2
1965,0
1966,2
1967,0
1968,1
1969,2
1970,2
1971,2
1972,2
1973,2
1974,2
1975,3
1976,2
1977,2
1978,2
1979,2
1980,2
1981,2
1982,3
1983,3
1984,3
1985,2
1986,2
1987,2
1988,2
1989,2
1990,2
1991,2
1992,2
1993,2
1994,2
1995,2
1996,3
1997,2
1998,2
1999,2
2000,2
2001,2
2002,3
2003,2
2004,2
2005,2
2006,3
2007,2
2008,2
2009,2
2010,2
2011,2
2012,3
2013,2
2014,2
2015,2
2016,2
2017,2
2018,2
2019,2
2020,3
2021,2
2022,3
2023,2
2024,3
2025,2
2026,2
2027,3
2028,2
2029,3
2030,3
2031,2
2032,3
2033,3
2034,3
2035,3
2036,2
2037,3
2038,2
2039,2
2040,2
2041,3
2042,3
2043,3
2044,3
2045,2
2046,2
2047,2
2048,2
2049,2
2050,2
2051,2
2052,2
2053,2
2054,2
2055,2
2056,2
2057,2
2058,3
2059,2
2060,2
2061,2
2062,2
2063,2
2064,2
2065,2
2066,2
2067,2
2068,2
2069,2
2070,3
2071,3
2072,2
2073,3
2074,2
2075,2
2076,2
2077,2
2078,2
2079,0
2080,2
2081,2
2082,2
2083,2
2084,2
2085,2
2086,2
2087,2
2088,3
2089,3
2090,2
2091,2
2092,2
2093,2
2094,2
2095,2
2096,2
2097,2
2098,3
2099,2
2100,3
2101,2
2102,2
2103,3
2104,2
2105,3
2106,2
2107,2
2108,3
2109,2
2110,2
2111,2
2112,2
2113,2
2114,2
2115,2
2116,2
2117,2
2118,2
2119,2
2120,3
2121,3
2122,2
2123,3
2124,3
2125,2
2126,2
2127,3
2128,2
2129,2
2130,2
2131,2
2132,2
2133,3
2134,3
2135,3
2136,2
2137,2
2138,2
2139,3
2140,2
2141,2
2142,2
2143,2
2144,2
2145,2
2146,3
2147,2
2148,2
2149,2
2150,2
2151,3
2152,2
2153,2
2154,2
2155,2
2156,2
2157,2
2158,2
2159,3
2160,2
2161,2
2162,2
2163,3
2164,2
2165,2
2166,2
2167,2
2168,2
2169,2
2170,2
2171,2
2172,2
2173,2
2174,2
2175,3
2176,2
2177,2
2178,2
2179,3
2180,2
2181,2
2182,0
2183,2
2184,2
2185,2
2186,2
2187,3
2188,2
2189,2
2190,2
2191,2
2192,2
2193,2
2194,3
2195,2
2196,2
2197,2
2198,2
2199,3
2200,2
2201,2
2202,3
2203,2
2204,2
2205,2
2206,2
2207,2
2208,2
2209,2
2210,2
2211,3
2212,3
2213,2
2214,2
2215,2
2216,2
2217,2
2218,2
2219,2
2220,3
2221,2
2222,3
2223,2
2224,2
2225,2
2226,2
2227,2
2228,2
2229,2
2230,2
2231,2
2232,2
2233,3
2234,2
2235,2
2236,2
2237,2
2238,2
2239,2
2240,2
2241,2
2242,2
2243,2
2244,3
2245,2
2246,2
2247,2
2248,2
2249,2
2250,2
2251,3
2252,3
2253,2
2254,2
2255,2
2256,3
2257,2
2258,2
2259,3
2260,3
2261,2
2262,2
2263,2
2264,2
2265,2
2266,3
2267,2
2268,2
2269,2
2270,3
2271,3
2272,2
2273,2
2274,2
2275,3
2276,2
2277,3
2278,3
2279,2
2280,2
2281,2
2282,2
2283,2
2284,3
2285,3
2286,2
2287,2
2288,2
2289,2
2290,3
2291,2
2292,2
2293,2
2294,3
2295,2
2296,2
2297,2
2298,2
2299,2
2300,2
2301,2
2302,3
2303,3
2304,2
2305,2
2306,2
2307,3
2308,3
2309,2
2310,2
2311,2
2312,2
2313,2
2314,2
2315,2
2316,2
2317,2
2318,2
2319,2
2320,3
2321,2
2322,2
2323,2
2324,2
2325,2
2326,2
2327,2
2328,2
2329,3
2330,3
2331,2
2332,2
2333,3
2334,2
2335,2
2336,2
2337,2
2338,2
2339,0
2340,2
2341,2
2342,2
2343,2
2344,3
2345,2
2346,2
2347,2
2348,2
2349,2
2350,2
2351,2
2352,3
2353,2
2354,2
2355,3
2356,2
2357,3
2358,3
2359,3
2360,2
2361,2
2362,2
2363,2
2364,3
2365,2
2366,2
2367,2
2368,3
2369,2
2370,2
2371,2
2372,2
2373,3
2374,3
2375,2
2376,2
2377,2
2378,2
2379,2
2380,2
2381,3
2382,3
2383,3
2384,2
2385,2
2386,2
2387,0
2388,2
2389,2
2390,3
2391,3
2392,3
2393,2
2394,2
2395,2
2396,2
2397,2
2398,2
2399,2
2400,2
2401,2
2402,0
2403,2
2404,2
2405,0
2406,3
2407,2
2408,2
2409,2
2410,2
2411,2
2412,2
2413,2
2414,2
2415,2
2416,2
2417,2
2418,3
2419,2
2420,2
2421,2
2422,3
2423,3
2424,2
2425,2
2426,2
2427,2
2428,3
2429,0
2430,2
2431,2
2432,2
2433,2
2434,3
2435,2
2436,2
2437,3
2438,2
2439,2
2440,3
2441,3
2442,3
2443,2
2444,2
2445,2
2446,2
2447,2
2448,3
2449,2
2450,2
2451,2
2452,2
2453,0
2454,3
2455,3
2456,3
2457,3
2458,2
2459,2
2460,3
2461,2
2462,2
2463,2
2464,3
2465,2
2466,2
2467,2
2468,2
2469,2
2470,2
2471,2
2472,2
2473,2
2474,3
2475,2
2476,2
2477,2
2478,2
2479,2
2480,3
2481,2
2482,3
2483,2
2484,2
2485,2
2486,2
2487,2
2488,2
2489,2
2490,2
2491,3
2492,2
2493,2
2494,2
2495,3
2496,2
2497,3
2498,2
2499,2
2500,0
2501,0
2502,0
2503,1
2504,3
2505,1
2506,1
2507,0
2508,0
2509,0
2510,0
2511,1
2512,1
2513,0
2514,0
2515,0
2516,0
2517,1
2518,3
2519,0
2520,1
2521,1
2522,0
2523,0
2524,1
2525,1
2526,3
2527,1
2528,1
2529,0
2530,1
2531,1
2532,0
2533,0
2534,0
2535,3
2536,0
2537,0
2538,3
2539,3
2540,0
2541,0
2542,1
2543,1
2544,0
2545,1
2546,1
2547,0
2548,0
2549,0
2550,1
2551,0
2552,0
2553,1
2554,0
2555,1
2556,0
2557,0
2558,3
2559,3
2560,0
2561,1
2562,0
2563,1
2564,0
2565,1
2566,0
2567,0
2568,0
2569,0
2570,1
2571,1
2572,0
2573,3
2574,1
2575,1
2576,0
2577,1
2578,0
2579,3
2580,0
2581,1
2582,1
2583,1
2584,1
2585,1
2586,1
2587,3
2588,1
2589,1
2590,1
2591,0
2592,0
2593,1
2594,1
2595,1
2596,0
2597,0
2598,0
2599,1
2600,1
2601,0
2602,0
2603,0
2604,0
2605,0
2606,0
2607,3
2608,0
2609,1
2610,0
2611,0
2612,0
2613,0
2614,3
2615,0
2616,1
2617,1
2618,0
2619,1
2620,1
2621,1
2622,0
2623,3
2624,0
2625,1
2626,1
2627,0
2628,0
2629,3
2630,0
2631,1
2632,1
2633,1
2634,1
2635,1
2636,1
2637,1
2638,3
2639,1
2640,0
2641,0
2642,0
2643,0
2644,0
2645,1
2646,0
2647,1
2648,1
2649,1
2650,0
2651,1
2652,0
2653,0
2654,3
2655,1
2656,3
2657,0
2658,0
2659,0
2660,0
2661,1
2662,3
2663,0
2664,0
2665,0
2666,0
2667,3
2668,1
2669,1
2670,0
2671,1
2672,1
2673,3
2674,0
2675,1
2676,3
2677,0
2678,0
2679,3
2680,0
2681,0
2682,1
2683,3
2684,1
2685,1
2686,0
2687,1
2688,1
2689,1
2690,3
2691,1
2692,1
2693,1
2694,1
2695,1
2696,1
2697,1
2698,0
2699,1
2700,3
2701,0
2702,1
2703,0
2704,0
2705,0
2706,3
2707,1
2708,1
2709,1
2710,3
2711,1
2712,1
2713,0
2714,0
2715,0
2716,0
2717,0
2718,1
2719,0
2720,3
2721,3
2722,3
2723,3
2724,0
2725,3
2726,0
2727,3
2728,1
2729,0
2730,0
2731,0
2732,3
2733,1
2734,1
2735,0
2736,3
2737,1
2738,3
2739,1
2740,3
2741,1
2742,3
2743,0
2744,1
2745,1
2746,0
2747,0
2748,0
2749,1
2750,0
2751,0
2752,1
2753,0
2754,0
2755,0
2756,1
2757,1
2758,1
2759,3
2760,1
2761,3
2762,1
2763,1
2764,1
2765,0
2766,1
2767,0
2768,0
2769,0
2770,1
2771,1
2772,1
2773,1
2774,1
2775,1
2776,1
2777,0
2778,0
2779,3
2780,1
2781,0
2782,0
2783,0
2784,1
2785,1
2786,1
2787,3
2788,1
2789,1
2790,0
2791,0
2792,0
2793,0
2794,1
2795,1
2796,0
2797,3
2798,0
2799,0
2800,3
2801,1
2802,0
2803,0
2804,0
2805,0
2806,0
2807,1
2808,0
2809,1
2810,1
2811,1
2812,3
2813,1
2814,0
2815,0
2816,0
2817,3
2818,0
2819,1
2820,3
2821,0
2822,1
2823,1
2824,1
2825,0
2826,1
2827,1
2828,1
2829,1
2830,0
2831,1
2832,3
2833,1
2834,1
2835,1
2836,0
2837,0
2838,1
2839,1
2840,3
2841,1
2842,1
2843,1
2844,0
2845,0
2846,1
2847,0
2848,1
2849,1
2850,1
2851,0
2852,1
2853,1
2854,0
2855,0
2856,1
2857,3
2858,0
2859,3
2860,1
2861,0
2862,1
2863,1
2864,1
2865,0
2866,3
2867,0
2868,1
2869,1
2870,1
2871,1
2872,1
2873,1
2874,3
2875,0
2876,1
2877,0
2878,1
2879,0
2880,0
2881,1
2882,3
2883,1
2884,1
2885,1
2886,0
2887,3
2888,1
2889,0
2890,0
2891,1
2892,1
2893,1
2894,0
2895,0
2896,1
2897,0
2898,1
2899,0
2900,1
2901,1
2902,0
2903,1
2904,1
2905,0
2906,3
2907,3
2908,1
2909,3
2910,1
2911,1
2912,1
2913,0
2914,1
2915,0
2916,1
2917,1
2918,0
2919,0
2920,0
2921,1
2922,1
2923,0
2924,0
2925,0
2926,0
2927,1
2928,1
2929,0
2930,1
2931,1
2932,1
2933,1
2934,1
2935,1
2936,3
2937,1
2938,0
2939,0
2940,0
2941,0
2942,0
2943,1
2944,0
2945,1
2946,1
2947,1
2948,1
2949,1
2950,1
2951,1
2952,0
2953,0
2954,1
2955,3
2956,0
2957,0
2958,1
2959,0
2960,0
2961,0
2962,1
2963,1
2964,1
2965,1
2966,0
2967,0
2968,1
2969,1
2970,1
2971,1
2972,0
2973,0
2974,1
2975,0
2976,1
2977,1
2978,1
2979,3
2980,0
2981,1
2982,1
2983,1
2984,0
2985,1
2986,1
2987,0
2988,0
2989,0
2990,1
2991,0
2992,1
2993,1
2994,0
2995,1
2996,3
2997,0
2998,3
2999,1
3000,0
3001,1
3002,0
3003,1
3004,1
3005,1
3006,1
3007,0
3008,0
3009,1
3010,1
3011,1
3012,3
3013,1
3014,1
3015,1
3016,1
3017,0
3018,0
3019,1
3020,0
3021,3
3022,0
3023,1
3024,1
3025,3
3026,0
3027,1
3028,1
3029,0
3030,0
3031,1
3032,0
3033,1
3034,0
3035,1
3036,0
3037,3
3038,1
3039,1
3040,1
3041,0
3042,1
3043,0
3044,0
3045,1
3046,1
3047,0
3048,1
3049,1
3050,3
3051,1
3052,1
3053,1
3054,1
3055,3
3056,1
3057,0
3058,1
3059,1
3060,0
3061,1
3062,0
3063,0
3064,1
3065,0
3066,0
3067,3
3068,1
3069,3
3070,0
3071,0
3072,1
3073,1
3074,0
3075,0
3076,1
3077,0
3078,1
3079,3
3080,1
3081,1
3082,1
3083,3
3084,1
3085,0
3086,1
3087,0
3088,0
3089,0
3090,3
3091,0
3092,1
3093,3
3094,0
3095,0
3096,1
3097,0
3098,0
3099,1
3100,1
3101,1
3102,1
3103,1
3104,1
3105,0
3106,1
3107,1
3108,1
3109,1
3110,1
3111,1
3112,1
3113,0
3114,3
3115,1
3116,1
3117,1
3118,1
3119,3
3120,0
3121,3
3122,0
3123,1
3124,3
3125,3
3126,1
3127,1
3128,1
3129,0
3130,0
3131,1
3132,1
3133,1
3134,0
3135,1
3136,1
3137,0
3138,3
3139,1
3140,1
3141,0
3142,3
3143,0
3144,1
3145,1
3146,1
3147,3
3148,1
3149,0
3150,0
3151,1
3152,0
3153,1
3154,3
3155,3
3156,1
3157,0
3158,0
3159,1
3160,3
3161,1
3162,1
3163,3
3164,1
3165,0
3166,1
3167,0
3168,3
3169,0
3170,1
3171,0
3172,1
3173,1
3174,3
3175,1
3176,0
3177,0
3178,0
3179,1
3180,1
3181,0
3182,0
3183,0
3184,1
3185,0
3186,0
3187,1
3188,1
3189,1
3190,1
3191,1
3192,1
3193,0
3194,1
3195,1
3196,0
3197,3
3198,1
3199,1
3200,1
3201,0
3202,1
3203,0
3204,0
3205,1
3206,1
3207,1
3208,1
3209,0
3210,0
3211,0
3212,0
3213,3
3214,1
3215,0
3216,1
3217,1
3218,0
3219,0
3220,3
3221,3
3222,1
3223,1
3224,1
3225,1
3226,0
3227,0
3228,1
3229,1
3230,1
3231,1
3232,1
3233,1
3234,0
3235,1
3236,0
3237,0
3238,0
3239,0
3240,3
3241,1
3242,0
3243,1
3244,0
3245,1
3246,1
3247,1
3248,1
3249,0
3250,1
3251,0
3252,1
3253,1
3254,0
3255,0
3256,3
3257,3
3258,3
3259,1
3260,3
3261,1
3262,1
3263,0
3264,0
3265,3
3266,0
3267,3
3268,0
3269,1
3270,1
3271,1
3272,3
3273,1
3274,3
3275,0
3276,0
3277,0
3278,0
3279,3
3280,0
3281,1
3282,1
3283,3
3284,1
3285,1
3286,3
3287,3
3288,1
3289,1
3290,0
3291,0
3292,1
3293,1
3294,3
3295,0
3296,0
3297,1
3298,1
3299,3
3300,1
3301,0
3302,1
3303,1
3304,1
3305,0
3306,0
3307,0
3308,1
3309,1
3310,1
3311,1
3312,3
3313,1
3314,3
3315,0
3316,1
3317,1
3318,1
3319,0
3320,0
3321,1
3322,1
3323,1
3324,1
3325,1
3326,3
3327,0
3328,1
3329,1
3330,1
3331,1
3332,1
3333,1
3334,1
3335,1
3336,1
3337,1
3338,1
3339,0
3340,0
3341,3
3342,0
3343,0
3344,0
3345,1
3346,3
3347,3
3348,1
3349,0
3350,0
3351,0
3352,0
3353,1
3354,1
3355,3
3356,0
3357,1
3358,1
3359,3
3360,0
3361,0
3362,3
3363,0
3364,1
3365,3
3366,3
3367,0
3368,1
3369,0
3370,0
3371,1
3372,1
3373,0
3374,1
3375,1
3376,0
3377,0
3378,3
3379,1
3380,0
3381,0
3382,1
3383,1
3384,1
3385,3
3386,0
3387,1
3388,0
3389,1
3390,3
3391,1
3392,0
3393,1
3394,1
3395,0
3396,1
3397,1
3398,3
3399,0
3400,1
3401,1
3402,1
3403,1
3404,1
3405,1
3406,1
3407,1
3408,0
3409,1
3410,0
3411,0
3412,3
3413,0
3414,0
3415,1
3416,1
3417,0
3418,0
3419,1
3420,1
3421,1
3422,0
3423,1
3424,1
3425,3
3426,1
3427,0
3428,0
3429,1
3430,0
3431,3
3432,1
3433,1
3434,1
3435,0
3436,1
3437,0
3438,1
3439,1
3440,0
3441,1
3442,3
3443,0
3444,0
3445,1
3446,1
3447,0
3448,1
3449,1
3450,1
3451,1
3452,3
3453,1
3454,0
3455,1
3456,1
3457,0
3458,1
3459,1
3460,0
3461,1
3462,1
3463,3
3464,0
3465,3
3466,1
3467,0
3468,0
3469,0
3470,0
3471,0
3472,0
3473,0
3474,0
3475,1
3476,1
3477,0
3478,0
3479,1
3480,0
3481,1
3482,0
3483,0
3484,1
3485,0
3486,1
3487,3
3488,1
3489,0
3490,1
3491,3
3492,0
3493,0
3494,3
3495,0
3496,3
3497,1
3498,1
3499,1
3500,1
3501,1
3502,3
3503,0
3504,1
3505,1
3506,1
3507,0
3508,0
3509,0
3510,1
3511,0
3512,1
3513,1
3514,1
3515,0
3516,1
3517,0
3518,0
3519,1
3520,3
3521,0
3522,1
3523,0
3524,1
3525,0
3526,3
3527,1
3528,3
3529,1
3530,1
3531,1
3532,1
3533,0
3534,0
3535,1
3536,1
3537,1
3538,0
3539,1
3540,1
3541,3
3542,1
3543,0
3544,1
3545,1
3546,3
3547,1
3548,1
3549,1
3550,3
3551,1
3552,1
3553,3
3554,1
3555,0
3556,1
3557,1
3558,0
3559,0
3560,0
3561,1
3562,3
3563,1
3564,0
3565,3
3566,0
3567,1
3568,1
3569,3
3570,1
3571,0
3572,3
3573,1
3574,1
3575,3
3576,1
3577,3
3578,1
3579,0
3580,1
3581,3
3582,0
3583,0
3584,0
3585,1
3586,3
3587,3
3588,1
3589,3
3590,1
3591,0
3592,1
3593,1
3594,0
3595,3
3596,1
3597,1
3598,1
3599,0
3600,0
3601,1
3602,1
3603,3
3604,1
3605,0
3606,0
3607,1
3608,0
3609,0
3610,3
3611,3
3612,1
3613,0
3614,1
3615,1
3616,1
3617,1
3618,1
3619,1
3620,1
3621,1
3622,1
3623,0
3624,1
3625,1
3626,1
3627,1
3628,1
3629,1
3630,1
3631,3
3632,1
3633,0
3634,0
3635,0
3636,3
3637,3
3638,0
3639,0
3640,0
3641,3
3642,1
3643,1
3644,1
3645,3
3646,0
3647,1
3648,1
3649,1
3650,1
3651,1
3652,0
3653,0
3654,1
3655,0
3656,0
3657,0
3658,1
3659,0
3660,0
3661,0
3662,1
3663,1
3664,0
3665,1
3666,0
3667,0
3668,0
3669,1
3670,1
3671,3
3672,1
3673,1
3674,3
3675,0
3676,0
3677,1
3678,1
3679,3
3680,1
3681,0
3682,0
3683,0
3684,0
3685,0
3686,1
3687,1
3688,1
3689,1
3690,1
3691,1
3692,1
3693,1
3694,3
3695,0
3696,1
3697,1
3698,1
3699,1
3700,1
3701,1
3702,3
3703,1
3704,1
3705,1
3706,1
3707,0
3708,1
3709,1
3710,0
3711,0
3712,3
3713,0
3714,1
3715,0
3716,1
3717,1
3718,1
3719,1
3720,0
3721,0
3722,1
3723,0
3724,1
3725,3
3726,0
3727,0
3728,1
3729,0
3730,3
3731,1
3732,1
3733,0
3734,0
3735,3
3736,3
3737,0
3738,1
3739,0
3740,1
3741,0
3742,0
3743,3
3744,1
3745,0
3746,1
3747,3
3748,1
3749,1
3750,1
3751,0
3752,1
3753,1
3754,0
3755,0
3756,0
3757,3
3758,3
3759,3
3760,1
3761,3
3762,0
3763,1
3764,1
3765,1
3766,0
3767,1
3768,1
3769,1
3770,0
3771,1
3772,1
3773,0
3774,1
3775,0
3776,0
3777,3
3778,1
3779,1
3780,1
3781,1
3782,3
3783,1
3784,1
3785,1
3786,1
3787,1
3788,0
3789,0
3790,1
3791,1
3792,1
3793,1
3794,1
3795,1
3796,1
3797,3
3798,0
3799,1
3800,1
3801,1
3802,3
3803,0
3804,1
3805,0
3806,1
3807,0
3808,1
3809,0
3810,1
3811,3
3812,3
3813,1
3814,0
3815,3
3816,3
3817,3
3818,1
3819,1
3820,1
3821,1
3822,3
3823,1
3824,1
3825,1
3826,1
3827,1
3828,1
3829,1
3830,3
3831,0
3832,1
3833,1
3834,1
3835,1
3836,3
3837,1
3838,1
3839,1
3840,1
3841,1
3842,1
3843,1
3844,1
3845,1
3846,3
3847,1
3848,1
3849,1
3850,3
3851,1
3852,3
3853,0
3854,1
3855,0
3856,0
3857,0
3858,1
3859,1
3860,1
3861,3
3862,0
3863,1
3864,0
3865,0
3866,0
3867,0
3868,1
3869,1
3870,1
3871,0
3872,0
3873,0
3874,1
3875,1
3876,0
3877,3
3878,3
3879,3
3880,0
3881,0
3882,1
3883,0
3884,1
3885,1
3886,1
3887,3
3888,0
3889,0
3890,0
3891,0
3892,1
3893,0
3894,1
3895,3
3896,1
3897,1
3898,1
3899,3
3900,3
3901,1
3902,0
3903,3
3904,0
3905,3
3906,1
3907,1
3908,0
3909,1
3910,1
3911,3
3912,0
3913,1
3914,0
3915,0
3916,0
3917,0
3918,0
3919,3
3920,0
3921,1
3922,1
3923,0
3924,1
3925,1
3926,1
3927,1
3928,0
3929,1
3930,0
3931,1
3932,1
3933,1
3934,3
3935,1
3936,1
3937,1
3938,1
3939,0
3940,1
3941,3
3942,1
3943,0
3944,0
3945,1
3946,1
3947,0
3948,1
3949,1
3950,3
3951,1
3952,1
3953,0
3954,1
3955,0
3956,3
3957,0
3958,1
3959,1
3960,1
3961,0
3962,3
3963,1
3964,0
3965,1
3966,0
3967,1
3968,0
3969,3
3970,1
3971,0
3972,0
3973,0
3974,1
3975,3
3976,1
3977,1
3978,3
3979,0
3980,1
3981,1
3982,1
3983,3
3984,1
3985,1
3986,0
3987,3
3988,1
3989,0
3990,0
3991,3
3992,1
3993,0
3994,0
3995,1
3996,1
3997,1
3998,1
3999,0
4000,1
4001,1
4002,1
4003,1
4004,1
4005,3
4006,1
4007,0
4008,1
4009,1
4010,0
4011,3
4012,0
4013,3
4014,1
4015,1
4016,1
4017,1
4018,1
4019,0
4020,0
4021,0
4022,0
4023,1
4024,1
4025,1
4026,0
4027,0
4028,0
4029,1
4030,1
4031,1
4032,1
4033,1
4034,0
4035,3
4036,1
4037,3
4038,3
4039,3
4040,1
4041,0
4042,1
4043,1
4044,1
4045,1
4046,3
4047,3
4048,1
4049,0
4050,1
4051,1
4052,1
4053,0
4054,1
4055,1
4056,3
4057,0
4058,1
4059,0
4060,0
4061,0
4062,3
4063,0
4064,1
4065,1
4066,3
4067,1
4068,0
4069,1
4070,3
4071,1
4072,1
4073,1
4074,1
4075,1
4076,0
4077,0
4078,1
4079,1
4080,1
4081,3
4082,1
4083,3
4084,0
4085,1
4086,1
4087,1
4088,1
4089,0
4090,1
4091,3
4092,1
4093,0
4094,1
4095,0
4096,1
4097,1
4098,0
4099,1
4100,3
4101,1
4102,1
4103,0
4104,0
4105,1
4106,1
4107,1
4108,0
4109,3
4110,0
4111,3
4112,0
4113,1
4114,1
4115,1
4116,1
4117,1
4118,1
4119,3
4120,1
4121,3
4122,1
4123,0
4124,1
4125,1
4126,1
4127,1
4128,1
4129,1
4130,0
4131,1
4132,0
4133,3
4134,0
4135,1
4136,0
4137,0
4138,0
4139,1
4140,0
4141,1
4142,1
4143,1
4144,0
4145,1
4146,1
4147,0
4148,1
4149,1
4150,1
4151,1
4152,0
4153,0
4154,1
4155,3
4156,1
4157,1
4158,1
4159,1
4160,1
4161,1
4162,1
4163,0
4164,0
4165,1
4166,0
4167,3
4168,3
4169,0
4170,0
4171,1
4172,0
4173,1
4174,0
4175,1
4176,0
4177,3
4178,1
4179,1
4180,1
4181,0
4182,3
4183,1
4184,1
4185,0
4186,3
4187,0
4188,1
4189,0
4190,1
4191,1
4192,3
4193,1
4194,1
4195,1
4196,1
4197,0
4198,0
4199,1
4200,0
4201,0
4202,3
4203,0
4204,0
4205,0
4206,1
4207,1
4208,1
4209,0
4210,0
4211,1
4212,3
4213,1
4214,0
4215,1
4216,1
4217,0
4218,0
4219,3
4220,1
4221,1
4222,1
4223,1
4224,0
4225,0
4226,0
4227,1
4228,3
4229,1
4230,3
4231,0
4232,0
4233,3
4234,1
4235,0
4236,1
4237,1
4238,1
4239,0
4240,1
4241,1
4242,0
4243,1
4244,1
4245,1
4246,3
4247,1
4248,0
4249,0
4250,0
4251,0
4252,0
4253,0
4254,1
4255,1
4256,1
4257,1
4258,1
4259,1
4260,1
4261,1
4262,1
4263,1
4264,1
4265,1
4266,0
4267,0
4268,1
4269,0
4270,0
4271,1
4272,0
4273,0
4274,1
4275,1
4276,1
4277,1
4278,0
4279,1
4280,1
4281,3
4282,0
4283,1
4284,0
4285,1
4286,1
4287,1
4288,0
4289,1
4290,1
4291,3
4292,0
4293,0
4294,3
4295,1
4296,1
4297,1
4298,0
4299,1
4300,0
4301,0
4302,3
4303,1
4304,0
4305,0
4306,1
4307,1
4308,1
4309,1
4310,1
4311,0
4312,0
4313,0
4314,1
4315,1
4316,0
4317,0
4318,1
4319,3
4320,1
4321,1
4322,1
4323,1
4324,0
4325,1
4326,0
4327,1
4328,0
4329,1
4330,0
4331,1
4332,0
4333,1
4334,1
4335,1
4336,0
4337,0
4338,3
4339,1
4340,0
4341,0
4342,1
4343,0
4344,0
4345,0
4346,0
4347,1
4348,0
4349,1
4350,0
4351,0
4352,0
4353,1
4354,1
4355,1
4356,1
4357,1
4358,1
4359,1
4360,1
4361,3
4362,0
4363,0
4364,3
4365,1
4366,0
4367,0
4368,1
4369,0
4370,3
4371,0
4372,0
4373,0
4374,0
4375,0
4376,0
4377,1
4378,0
4379,1
4380,1
4381,1
4382,0
4383,1
4384,0
4385,0
4386,3
4387,0
4388,1
4389,0
4390,1
4391,1
4392,1
4393,0
4394,1
4395,0
4396,0
4397,0
4398,3
4399,0
4400,3
4401,3
4402,0
4403,3
4404,3
4405,3
4406,1
4407,1
4408,3
4409,0
4410,1
4411,0
4412,0
4413,1
4414,1
4415,0
4416,3
4417,0
4418,0
4419,1
4420,0
4421,1
4422,1
4423,1
4424,1
4425,1
4426,1
4427,1
4428,0
4429,0
4430,1
4431,1
4432,1
4433,0
4434,3
4435,0
4436,0
4437,1
4438,1
4439,1
4440,1
4441,0
4442,3
4443,3
4444,0
4445,3
4446,0
4447,1
4448,3
4449,1
4450,0
4451,3
4452,1
4453,1
4454,1
4455,1
4456,0
4457,0
4458,1
4459,1
4460,1
4461,0
4462,0
4463,0
4464,1
4465,0
4466,0
4467,1
4468,1
4469,1
4470,0
4471,3
4472,0
4473,1
4474,1
4475,1
4476,1
4477,1
4478,0
4479,1
4480,0
4481,0
4482,1
4483,1
4484,0
4485,3
4486,1
4487,0
4488,0
4489,1
4490,0
4491,0
4492,1
4493,1
4494,1
4495,0
4496,0
4497,1
4498,0
4499,1
4500,1
4501,1
4502,1
4503,0
4504,3
4505,1
4506,0
4507,1
4508,1
4509,1
4510,1
4511,0
4512,0
4513,0
4514,0
4515,3
4516,3
4517,0
4518,1
4519,1
4520,1
4521,0
4522,0
4523,0
4524,3
4525,3
4526,1
4527,1
4528,1
4529,1
4530,1
4531,1
4532,1
4533,3
4534,1
4535,1
4536,1
4537,3
4538,3
4539,3
4540,0
4541,1
4542,0
4543,1
4544,1
4545,0
4546,1
4547,0
4548,1
4549,1
4550,1
4551,3
4552,0
4553,0
4554,3
4555,1
4556,3
4557,1
4558,1
4559,1
4560,1
4561,1
4562,3
4563,0
4564,1
4565,3
4566,1
4567,1
4568,3
4569,1
4570,1
4571,0
4572,0
4573,3
4574,1
4575,1
4576,1
4577,0
4578,3
4579,3
4580,3
4581,0
4582,1
4583,1
4584,0
4585,1
4586,1
4587,1
4588,1
4589,1
4590,0
4591,1
4592,0
4593,1
4594,3
4595,0
4596,0
4597,1
4598,0
4599,0
4600,1
4601,0
4602,1
4603,1
4604,0
4605,1
4606,0
4607,0
4608,1
4609,3
4610,1
4611,1
4612,0
4613,1
4614,0
4615,1
4616,0
4617,1
4618,3
4619,0
4620,3
4621,0
4622,3
4623,0
4624,0
4625,1
4626,0
4627,3
4628,1
4629,3
4630,1
4631,1
4632,1
4633,1
4634,3
4635,0
4636,0
4637,1
4638,1
4639,0
4640,1
4641,1
4642,1
4643,1
4644,0
4645,0
4646,1
4647,1
4648,1
4649,0
4650,0
4651,0
4652,1
4653,1
4654,1
4655,1
4656,1
4657,1
4658,0
4659,0
4660,1
4661,0
4662,0
4663,1
4664,3
4665,0
4666,0
4667,0
4668,0
4669,0
4670,0
4671,0
4672,3
4673,1
4674,1
4675,0
4676,1
4677,1
4678,1
4679,0
4680,0
4681,0
4682,1
4683,3
4684,0
4685,3
4686,1
4687,1
4688,0
4689,1
4690,1
4691,1
4692,3
4693,1
4694,1
4695,1
4696,3
4697,0
4698,1
4699,0
4700,1
4701,1
4702,3
4703,1
4704,1
4705,0
4706,1
4707,0
4708,0
4709,1
4710,1
4711,0
4712,0
4713,1
4714,0
4715,1
4716,1
4717,1
4718,0
4719,0
4720,1
4721,1
4722,0
4723,0
4724,0
4725,0
4726,1
4727,3
4728,1
4729,1
4730,1
4731,1
4732,1
4733,0
4734,1
4735,0
4736,1
4737,3
4738,3
4739,3
4740,0
4741,0
4742,1
4743,1
4744,3
4745,1
4746,1
4747,0
4748,1
4749,1
4750,3
4751,1
4752,1
4753,1
4754,3
4755,0
4756,0
4757,0
4758,1
4759,3
4760,1
4761,1
4762,1
4763,1
4764,1
4765,3
4766,3
4767,1
4768,0
4769,0
4770,1
4771,1
4772,0
4773,0
4774,0
4775,0
4776,3
4777,1
4778,0
4779,1
4780,1
4781,1
4782,1
4783,0
4784,0
4785,1
4786,0
4787,3
4788,1
4789,3
4790,0
4791,3
4792,1
4793,1
4794,1
4795,0
4796,1
4797,1
4798,0
4799,3
4800,0
4801,1
4802,1
4803,0
4804,1
4805,1
4806,0
4807,0
4808,1
4809,0
4810,1
4811,1
4812,1
4813,1
4814,0
4815,0
4816,0
4817,1
4818,1
4819,1
4820,0
4821,3
4822,1
4823,1
4824,3
4825,3
4826,1
4827,1
4828,1
4829,0
4830,3
4831,1
4832,0
4833,1
4834,0
4835,0
4836,0
4837,0
4838,0
4839,1
4840,1
4841,0
4842,0
4843,1
4844,1
4845,3
4846,1
4847,1
4848,1
4849,0
4850,3
4851,1
4852,0
4853,1
4854,1
4855,1
4856,0
4857,1
4858,3
4859,1
4860,1
4861,0
4862,1
4863,0
4864,1
4865,0
4866,1
4867,0
4868,0
4869,0
4870,0
4871,1
4872,1
4873,0
4874,0
4875,1
4876,1
4877,0
4878,1
4879,0
4880,1
4881,1
4882,0
4883,0
4884,1
4885,1
4886,0
4887,0
4888,3
4889,1
4890,0
4891,1
4892,1
4893,3
4894,0
4895,1
4896,0
4897,1
4898,1
4899,1
4900,0
4901,1
4902,1
4903,3
4904,1
4905,0
4906,1
4907,3
4908,1
4909,3
4910,1
4911,0
4912,3
4913,1
4914,1
4915,0
4916,0
4917,3
4918,1
4919,1
4920,0
4921,3
4922,0
4923,1
4924,1
4925,0
4926,1
4927,3
4928,1
4929,1
4930,3
4931,1
4932,0
4933,0
4934,1
4935,1
4936,1
4937,0
4938,1
4939,1
4940,3
4941,0
4942,1
4943,1
4944,0
4945,1
4946,3
4947,1
4948,1
4949,1
4950,0
4951,0
4952,1
4953,1
4954,1
4955,1
4956,3
4957,1
4958,3
4959,1
4960,1
4961,1
4962,1
4963,1
4964,1
4965,0
4966,0
4967,1
4968,0
4969,1
4970,0
4971,1
4972,0
4973,1
4974,1
4975,0
4976,1
4977,0
4978,1
4979,0
4980,0
4981,1
4982,0
4983,0
4984,0
4985,1
4986,1
4987,0
4988,0
4989,0
4990,0
4991,1
4992,0
4993,1
4994,1
4995,1
4996,1
4997,1
4998,1
4999,0
5000,3
5001,3
5002,3
5003,3
5004,3
5005,3
5006,3
5007,3
5008,3
5009,3
5010,3
5011,3
5012,3
5013,3
5014,3
5015,3
5016,3
5017,3
5018,3
5019,3
5020,3
5021,3
5022,3
5023,3
5024,3
5025,3
5026,3
5027,3
5028,3
5029,3
5030,3
5031,3
5032,3
5033,3
5034,3
5035,3
5036,3
5037,3
5038,3
5039,3
5040,3
5041,3
5042,3
5043,1
5044,3
5045,3
5046,3
5047,3
5048,3
5049,3
5050,3
5051,3
5052,3
5053,3
5054,3
5055,3
5056,3
5057,1
5058,3
5059,3
5060,1
5061,3
5062,3
5063,3
5064,3
5065,2
5066,3
5067,3
5068,3
5069,3
5070,3
5071,3
5072,3
5073,3
5074,3
5075,3
5076,3
5077,3
5078,3
5079,3
5080,3
5081,3
5082,3
5083,3
5084,3
5085,3
5086,3
5087,3
5088,3
5089,3
5090,3
5091,3
5092,3
5093,3
5094,3
5095,3
5096,3
5097,3
5098,3
5099,3
5100,3
5101,3
5102,3
5103,3
5104,3
5105,3
5106,3
5107,3
5108,3
5109,3
5110,3
5111,3
5112,3
5113,3
5114,3
5115,3
5116,3
5117,3
5118,3
5119,3
5120,3
5121,3
5122,3
5123,3
5124,3
5125,3
5126,3
5127,3
5128,0
5129,3
5130,3
5131,3
5132,3
5133,3
5134,3
5135,3
5136,3
5137,3
5138,3
5139,2
5140,3
5141,3
5142,3
5143,3
5144,3
5145,2
5146,3
5147,3
5148,2
5149,2
5150,3
5151,3
5152,3
5153,3
5154,3
5155,3
5156,3
5157,3
5158,3
5159,3
5160,3
5161,3
5162,3
5163,3
5164,3
5165,3
5166,3
5167,3
5168,3
5169,3
5170,3
5171,3
5172,3
5173,3
5174,3
5175,3
5176,3
5177,3
5178,3
5179,3
5180,3
5181,3
5182,2
5183,3
5184,3
5185,3
5186,3
5187,3
5188,3
5189,3
5190,3
5191,3
5192,3
5193,3
5194,3
5195,0
5196,3
5197,2
5198,3
5199,3
5200,3
5201,3
5202,3
5203,3
5204,3
5205,3
5206,3
5207,1
5208,2
5209,3
5210,3
5211,3
5212,3
5213,3
5214,3
5215,3
5216,2
5217,3
5218,3
5219,3
5220,3
5221,3
5222,3
5223,3
5224,2
5225,3
5226,1
5227,3
5228,3
5229,3
5230,3
5231,3
5232,3
5233,3
5234,3
5235,3
5236,3
5237,3
5238,3
5239,3
5240,3
5241,3
5242,3
5243,3
5244,3
5245,3
5246,3
5247,3
5248,0
5249,3
5250,3
5251,3
5252,3
5253,3
5254,3
5255,3
5256,3
5257,3
5258,3
5259,0
5260,3
5261,3
5262,3
5263,3
5264,3
5265,3
5266,3
5267,3
5268,3
5269,3
5270,3
5271,3
5272,3
5273,3
5274,3
5275,3
5276,3
5277,3
5278,3
5279,3
5280,3
5281,3
5282,3
5283,3
5284,3
5285,3
5286,3
5287,3
5288,3
5289,3
5290,3
5291,3
5292,3
5293,3
5294,2
5295,3
5296,3
5297,3
5298,3
5299,3
5300,3
5301,3
5302,3
5303,3
5304,3
5305,2
5306,3
5307,3
5308,3
5309,3
5310,3
5311,3
5312,3
5313,3
5314,3
5315,3
5316,3
5317,3
5318,3
5319,3
5320,3
5321,3
5322,3
5323,3
5324,3
5325,0
5326,3
5327,3
5328,3
5329,3
5330,3
5331,3
5332,3
5333,3
5334,3
5335,3
5336,2
5337,3
5338,3
5339,3
5340,3
5341,3
5342,3
5343,3
5344,3
5345,3
5346,3
5347,3
5348,3
5349,3
5350,3
5351,3
5352,3
5353,3
5354,3
5355,3
5356,3
5357,3
5358,3
5359,0
5360,3
5361,3
5362,3
5363,3
5364,3
5365,2
5366,0
5367,3
5368,3
5369,3
5370,3
5371,3
5372,3
5373,3
5374,3
5375,3
5376,3
5377,0
5378,3
5379,3
5380,3
5381,3
5382,3
5383,3
5384,0
5385,3
5386,3
5387,2
5388,3
5389,0
5390,3
5391,3
5392,3
5393,3
5394,3
5395,1
5396,3
5397,1
5398,3
5399,3
5400,3
5401,3
5402,3
5403,2
5404,3
5405,0
5406,0
5407,3
5408,3
5409,3
5410,3
5411,3
5412,3
5413,3
5414,0
5415,3
5416,2
5417,3
5418,3
5419,0
5420,3
5421,3
5422,3
5423,3
5424,3
5425,3
5426,3
5427,3
5428,3
5429,3
5430,3
5431,3
5432,3
5433,3
5434,3
5435,3
5436,3
5437,3
5438,3
5439,3
5440,3
5441,3
5442,3
5443,2
5444,3
5445,2
5446,3
5447,3
5448,3
5449,3
5450,2
5451,3
5452,3
5453,3
5454,3
5455,3
5456,3
5457,3
5458,3
5459,3
5460,3
5461,3
5462,3
5463,3
5464,3
5465,2
5466,3
5467,3
5468,3
5469,3
5470,0
5471,3
5472,3
5473,2
5474,3
5475,2
5476,3
5477,3
5478,3
5479,3
5480,3
5481,3
5482,3
5483,3
5484,3
5485,3
5486,3
5487,3
5488,3
5489,3
5490,2
5491,3
5492,3
5493,3
5494,3
5495,3
5496,3
5497,3
5498,3
5499,3
5500,3
5501,3
5502,0
5503,3
5504,3
5505,3
5506,3
5507,3
5508,3
5509,3
5510,3
5511,0
5512,3
5513,3
5514,3
5515,2
5516,3
5517,3
5518,3
5519,3
5520,1
5521,3
5522,3
5523,3
5524,3
5525,2
5526,3
5527,3
5528,3
5529,3
5530,3
5531,3
5532,3
5533,3
5534,3
5535,3
5536,3
5537,3
5538,0
5539,3
5540,3
5541,3
5542,3
5543,3
5544,2
5545,3
5546,3
5547,3
5548,3
5549,3
5550,3
5551,3
5552,2
5553,2
5554,3
5555,2
5556,3
5557,3
5558,3
5559,2
5560,3
5561,2
5562,3
5563,3
5564,3
5565,2
5566,3
5567,3
5568,3
5569,3
5570,3
5571,2
5572,3
5573,3
5574,3
5575,3
5576,3
5577,3
5578,3
5579,3
5580,3
5581,3
5582,3
5583,2
5584,0
5585,3
5586,3
5587,2
5588,3
5589,3
5590,3
5591,3
5592,3
5593,3
5594,3
5595,3
5596,3
5597,2
5598,2
5599,2
5600,3
5601,3
5602,3
5603,3
5604,2
5605,3
5606,3
5607,2
5608,2
5609,3
5610,3
5611,3
5612,3
5613,3
5614,3
5615,3
5616,3
5617,3
5618,3
5619,2
5620,3
5621,3
5622,3
5623,2
5624,3
5625,3
5626,3
5627,2
5628,1
5629,3
5630,2
5631,1
5632,3
5633,1
5634,3
5635,3
5636,3
5637,3
5638,3
5639,3
5640,3
5641,3
5642,3
5643,3
5644,2
5645,2
5646,3
5647,3
5648,2
5649,3
5650,3
5651,3
5652,3
5653,2
5654,3
5655,3
5656,3
5657,3
5658,3
5659,3
5660,1
5661,3
5662,3
5663,3
5664,3
5665,3
5666,3
5667,3
5668,2
5669,3
5670,3
5671,3
5672,2
5673,1
5674,2
5675,3
5676,3
5677,3
5678,3
5679,3
5680,3
5681,3
5682,3
5683,2
5684,3
5685,2
5686,2
5687,3
5688,3
5689,3
5690,3
5691,2
5692,3
5693,3
5694,3
5695,3
5696,3
5697,3
5698,2
5699,3
5700,3
5701,3
5702,3
5703,3
5704,3
5705,3
5706,3
5707,3
5708,3
5709,3
5710,3
5711,3
5712,3
5713,3
5714,3
5715,3
5716,3
5717,1
5718,3
5719,3
5720,1
5721,3
5722,3
5723,3
5724,3
5725,3
5726,3
5727,3
5728,2
5729,2
5730,3
5731,3
5732,2
5733,3
5734,3
5735,3
5736,3
5737,2
5738,3
5739,3
5740,3
5741,2
5742,3
5743,3
5744,3
5745,3
5746,3
5747,3
5748,3
5749,3
5750,3
5751,3
5752,3
5753,3
5754,3
5755,3
5756,3
5757,0
5758,2
5759,2
5760,3
5761,3
5762,3
5763,3
5764,3
5765,0
5766,3
5767,1
5768,3
5769,3
5770,2
5771,3
5772,2
5773,0
5774,3
5775,3
5776,3
5777,3
5778,3
5779,3
5780,3
5781,3
5782,3
5783,3
5784,3
5785,3
5786,3
5787,3
5788,3
5789,3
5790,3
5791,3
5792,3
5793,3
5794,3
5795,3
5796,3
5797,1
5798,3
5799,3
5800,3
5801,2
5802,1
5803,2
5804,3
5805,3
5806,3
5807,3
5808,3
5809,3
5810,3
5811,3
5812,3
5813,2
5814,2
5815,3
5816,3
5817,3
5818,3
5819,3
5820,3
5821,3
5822,3
5823,3
5824,3
5825,3
5826,3
5827,3
5828,3
5829,3
5830,3
5831,2
5832,3
5833,3
5834,2
5835,3
5836,3
5837,3
5838,3
5839,3
5840,3
5841,3
5842,2
5843,2
5844,3
5845,3
5846,3
5847,3
5848,3
5849,3
5850,3
5851,3
5852,3
5853,3
5854,1
5855,3
5856,3
5857,3
5858,3
5859,3
5860,2
5861,3
5862,3
5863,3
5864,3
5865,3
5866,3
5867,3
5868,2
5869,3
5870,3
5871,3
5872,0
5873,3
5874,3
5875,3
5876,3
5877,3
5878,3
5879,3
5880,0
5881,3
5882,3
5883,3
5884,3
5885,3
5886,3
5887,3
5888,3
5889,3
5890,3
5891,3
5892,0
5893,3
5894,3
5895,3
5896,1
5897,3
5898,2
5899,0
5900,3
5901,3
5902,3
5903,3
5904,3
5905,3
5906,3
5907,3
5908,3
5909,3
5910,0
5911,3
5912,3
5913,3
5914,0
5915,0
5916,2
5917,3
5918,3
5919,3
5920,3
5921,3
5922,3
5923,3
5924,3
5925,3
5926,3
5927,3
5928,0
5929,2
5930,3
5931,3
5932,3
5933,3
5934,3
5935,3
5936,3
5937,3
5938,3
5939,3
5940,3
5941,3
5942,3
5943,2
5944,3
5945,3
5946,3
5947,3
5948,3
5949,3
5950,3
5951,3
5952,3
5953,3
5954,3
5955,3
5956,3
5957,3
5958,3
5959,3
5960,3
5961,3
5962,3
5963,3
5964,3
5965,3
5966,3
5967,3
5968,3
5969,3
5970,3
5971,3
5972,3
5973,3
5974,3
5975,3
5976,3
5977,3
5978,3
5979,3
5980,3
5981,3
5982,3
5983,3
5984,3
5985,3
5986,3
5987,3
5988,3
5989,3
5990,3
5991,3
5992,3
5993,3
5994,3
5995,3
5996,3
5997,3
5998,3
5999,3
6000,3
6001,3
6002,3
6003,3
6004,3
6005,3
6006,3
6007,1
6008,3
6009,3
6010,3
6011,3
6012,3
6013,3
6014,3
6015,3
6016,3
6017,3
6018,3
6019,2
6020,3
6021,3
6022,3
6023,3
6024,3
6025,3
6026,3
6027,3
6028,3
6029,3
6030,3
6031,3
6032,3
6033,2
6034,3
6035,3
6036,2
6037,3
6038,3
6039,3
6040,3
6041,3
6042,3
6043,3
6044,2
6045,3
6046,3
6047,2
6048,3
6049,3
6050,3
6051,3
6052,3
6053,3
6054,3
6055,3
6056,3
6057,3
6058,3
6059,3
6060,3
6061,3
6062,3
6063,3
6064,3
6065,3
6066,3
6067,3
6068,3
6069,3
6070,3
6071,3
6072,3
6073,3
6074,3
6075,3
6076,1
6077,3
6078,3
6079,3
6080,3
6081,3
6082,3
6083,3
6084,3
6085,3
6086,3
6087,3
6088,3
6089,3
6090,3
6091,3
6092,3
6093,3
6094,3
6095,3
6096,3
6097,3
6098,3
6099,2
6100,3
6101,3
6102,3
6103,3
6104,3
6105,3
6106,2
6107,3
6108,3
6109,3
6110,3
6111,3
6112,3
6113,3
6114,3
6115,3
6116,3
6117,3
6118,3
6119,3
6120,3
6121,3
6122,3
6123,3
6124,3
6125,3
6126,3
6127,3
6128,3
6129,3
6130,3
6131,2
6132,3
6133,3
6134,3
6135,3
6136,3
6137,3
6138,2
6139,3
6140,3
6141,3
6142,3
6143,2
6144,3
6145,3
6146,2
6147,3
6148,2
6149,3
6150,3
6151,3
6152,3
6153,3
6154,3
6155,3
6156,3
6157,3
6158,3
6159,3
6160,3
6161,3
6162,3
6163,3
6164,3
6165,3
6166,3
6167,3
6168,3
6169,3
6170,3
6171,3
6172,2
6173,3
6174,3
6175,3
6176,3
6177,3
6178,3
6179,3
6180,3
6181,3
6182,3
6183,3
6184,2
6185,3
6186,3
6187,1
6188,3
6189,3
6190,3
6191,3
6192,2
6193,3
6194,2
6195,3
6196,3
6197,3
6198,3
6199,3
6200,3
6201,3
6202,3
6203,3
6204,3
6205,2
6206,3
6207,3
6208,3
6209,3
6210,1
6211,2
6212,3
6213,3
6214,3
6215,2
6216,3
6217,3
6218,3
6219,2
6220,2
6221,3
6222,3
6223,3
6224,3
6225,3
6226,2
6227,3
6228,3
6229,3
6230,3
6231,3
6232,3
6233,3
6234,3
6235,2
6236,3
6237,3
6238,3
6239,3
6240,3
6241,3
6242,3
6243,3
6244,3
6245,3
6246,3
6247,3
6248,3
6249,3
6250,2
6251,3
6252,3
6253,3
6254,3
6255,3
6256,3
6257,3
6258,3
6259,1
6260,3
6261,3
6262,3
6263,3
6264,3
6265,3
6266,3
6267,3
6268,3
6269,1
6270,3
6271,3
6272,3
6273,3
6274,3
6275,3
6276,3
6277,3
6278,3
6279,3
6280,3
6281,3
6282,3
6283,3
6284,3
6285,3
6286,3
6287,3
6288,3
6289,3
6290,3
6291,3
6292,3
6293,3
6294,2
6295,3
6296,3
6297,3
6298,3
6299,3
6300,3
6301,3
6302,3
6303,3
6304,3
6305,3
6306,2
6307,3
6308,3
6309,3
6310,3
6311,3
6312,3
6313,3
6314,3
6315,3
6316,3
6317,3
6318,3
6319,3
6320,3
6321,3
6322,3
6323,3
6324,3
6325,1
6326,3
6327,3
6328,3
6329,3
6330,3
6331,3
6332,3
6333,3
6334,3
6335,3
6336,3
6337,3
6338,3
6339,3
6340,3
6341,3
6342,3
6343,3
6344,3
6345,3
6346,3
6347,3
6348,3
6349,3
6350,2
6351,3
6352,3
6353,3
6354,3
6355,3
6356,1
6357,2
6358,3
6359,3
6360,3
6361,3
6362,3
6363,3
6364,3
6365,3
6366,3
6367,3
6368,3
6369,3
6370,3
6371,3
6372,3
6373,3
6374,3
6375,3
6376,3
6377,3
6378,3
6379,3
6380,3
6381,3
6382,3
6383,3
6384,3
6385,3
6386,3
6387,1
6388,3
6389,3
6390,3
6391,3
6392,3
6393,1
6394,2
6395,3
6396,3
6397,3
6398,1
6399,3
6400,3
6401,3
6402,3
6403,3
6404,3
6405,3
6406,3
6407,3
6408,3
6409,3
6410,3
6411,1
6412,3
6413,3
6414,3
6415,3
6416,3
6417,3
6418,3
6419,3
6420,1
6421,3
6422,3
6423,3
6424,3
6425,3
6426,3
6427,3
6428,3
6429,3
6430,3
6431,3
6432,3
6433,1
6434,3
6435,3
6436,3
6437,3
6438,3
6439,3
6440,2
6441,3
6442,3
6443,1
6444,3
6445,3
6446,3
6447,2
6448,3
6449,3
6450,2
6451,3
6452,3
6453,3
6454,3
6455,3
6456,3
6457,3
6458,3
6459,3
6460,3
6461,3
6462,3
6463,3
6464,3
6465,3
6466,3
6467,3
6468,3
6469,3
6470,3
6471,3
6472,1
6473,3
6474,3
6475,3
6476,3
6477,3
6478,3
6479,3
6480,3
6481,3
6482,3
6483,3
6484,3
6485,3
6486,3
6487,3
6488,3
6489,3
6490,3
6491,3
6492,3
6493,3
6494,3
6495,3
6496,3
6497,3
6498,3
6499,3
6500,3
6501,1
6502,3
6503,3
6504,3
6505,3
6506,3
6507,3
6508,3
6509,3
6510,3
6511,2
6512,3
6513,3
6514,3
6515,3
6516,3
6517,3
6518,3
6519,3
6520,3
6521,2
6522,3
6523,3
6524,3
6525,3
6526,3
6527,3
6528,3
6529,3
6530,3
6531,3
6532,3
6533,3
6534,3
6535,3
6536,3
6537,3
6538,3
6539,3
6540,3
6541,3
6542,3
6543,3
6544,3
6545,2
6546,3
6547,3
6548,1
6549,3
6550,3
6551,3
6552,3
6553,3
6554,3
6555,3
6556,3
6557,3
6558,3
6559,3
6560,3
6561,3
6562,3
6563,3
6564,3
6565,3
6566,3
6567,3
6568,3
6569,3
6570,3
6571,3
6572,3
6573,3
6574,3
6575,3
6576,3
6577,3
6578,3
6579,3
6580,3
6581,3
6582,2
6583,3
6584,3
6585,3
6586,3
6587,3
6588,1
6589,3
6590,3
6591,3
6592,3
6593,3
6594,3
6595,3
6596,3
6597,2
6598,2
6599,3
6600,3
6601,1
6602,3
6603,3
6604,3
6605,3
6606,2
6607,3
6608,3
6609,3
6610,3
6611,3
6612,1
6613,3
6614,3
6615,3
6616,3
6617,3
6618,3
6619,3
6620,3
6621,2
6622,3
6623,3
6624,3
6625,3
6626,3
6627,3
6628,3
6629,3
6630,3
6631,3
6632,3
6633,3
6634,3
6635,3
6636,1
6637,1
6638,3
6639,3
6640,1
6641,3
6642,2
6643,3
6644,3
6645,3
6646,2
6647,3
6648,3
6649,3
6650,3
6651,3
6652,3
6653,3
6654,3
6655,3
6656,3
6657,3
6658,3
6659,3
6660,3
6661,3
6662,3
6663,2
6664,3
6665,3
6666,3
6667,3
6668,3
6669,3
6670,3
6671,3
6672,3
6673,3
6674,3
6675,3
6676,3
6677,3
6678,3
6679,1
6680,3
6681,3
6682,3
6683,3
6684,3
6685,3
6686,1
6687,1
6688,3
6689,3
6690,3
6691,3
6692,3
6693,3
6694,2
6695,3
6696,3
6697,3
6698,1
6699,1
6700,2
6701,3
6702,3
6703,3
6704,3
6705,3
6706,3
6707,2
6708,3
6709,3
6710,3
6711,3
6712,3
6713,3
6714,3
6715,3
6716,3
6717,2
6718,3
6719,3
6720,3
6721,3
6722,3
6723,3
6724,3
6725,3
6726,3
6727,3
6728,3
6729,3
6730,3
6731,2
6732,3
6733,3
6734,1
6735,3
6736,3
6737,3
6738,1
6739,3
6740,3
6741,3
6742,3
6743,3
6744,3
6745,3
6746,3
6747,3
6748,3
6749,3
6750,3
6751,2
6752,3
6753,3
6754,3
6755,1
6756,3
6757,3
6758,3
6759,3
6760,3
6761,3
6762,3
6763,3
6764,2
6765,3
6766,3
6767,3
6768,3
6769,3
6770,3
6771,3
6772,3
6773,3
6774,3
6775,3
6776,3
6777,3
6778,3
6779,3
6780,3
6781,3
6782,3
6783,3
6784,1
6785,3
6786,3
6787,3
6788,2
6789,3
6790,3
6791,1
6792,3
6793,3
6794,3
6795,3
6796,3
6797,3
6798,3
6799,3
6800,3
6801,3
6802,3
6803,3
6804,3
6805,3
6806,3
6807,3
6808,2
6809,3
6810,3
6811,3
6812,3
6813,3
6814,3
6815,3
6816,3
6817,3
6818,3
6819,3
6820,3
6821,3
6822,3
6823,3
6824,3
6825,3
6826,3
6827,3
6828,3
6829,3
6830,3
6831,3
6832,3
6833,3
6834,3
6835,3
6836,3
6837,3
6838,1
6839,3
6840,3
6841,3
6842,3
6843,3
6844,3
6845,3
6846,3
6847,3
6848,3
6849,3
6850,3
6851,3
6852,3
6853,3
6854,3
6855,3
6856,3
6857,3
6858,3
6859,3
6860,3
6861,3
6862,3
6863,3
6864,3
6865,3
6866,3
6867,3
6868,3
6869,3
6870,3
6871,3
6872,3
6873,1
6874,3
6875,3
6876,3
6877,3
6878,3
6879,3
6880,3
6881,3
6882,3
6883,3
6884,3
6885,3
6886,3
6887,3
6888,3
6889,3
6890,3
6891,3
6892,3
6893,3
6894,3
6895,3
6896,3
6897,3
6898,3
6899,3
6900,3
6901,3
6902,3
6903,3
6904,3
6905,3
6906,3
6907,1
6908,3
6909,3
6910,3
6911,3
6912,3
6913,3
6914,3
6915,1
6916,3
6917,3
6918,3
6919,3
6920,3
6921,3
6922,3
6923,3
6924,3
6925,3
6926,3
6927,3
6928,1
6929,3
6930,3
6931,3
6932,3
6933,3
6934,3
6935,3
6936,3
6937,3
6938,2
6939,3
6940,3
6941,3
6942,3
6943,3
6944,3
6945,3
6946,3
6947,3
6948,1
6949,2
6950,3
6951,3
6952,3
6953,3
6954,3
6955,3
6956,3
6957,3
6958,3
6959,3
6960,3
6961,3
6962,3
6963,3
6964,3
6965,3
6966,3
6967,2
6968,3
6969,3
6970,3
6971,3
6972,3
6973,3
6974,3
6975,1
6976,3
6977,1
6978,3
6979,3
6980,3
6981,3
6982,3
6983,3
6984,3
6985,3
6986,3
6987,1
6988,3
6989,1
6990,3
6991,3
6992,3
6993,3
6994,3
6995,3
6996,3
6997,3
6998,3
6999,3
7000,2
7001,3
7002,3
7003,3
7004,1
7005,3
7006,3
7007,3
7008,3
7009,3
7010,3
7011,3
7012,3
7013,1
7014,3
7015,1
7016,3
7017,3
7018,3
7019,3
7020,3
7021,3
7022,3
7023,3
7024,3
7025,3
7026,3
7027,3
7028,3
7029,3
7030,3
7031,3
7032,3
7033,3
7034,3
7035,3
7036,3
7037,3
7038,3
7039,3
7040,3
7041,3
7042,3
7043,3
7044,3
7045,3
7046,3
7047,2
7048,2
7049,3
7050,3
7051,3
7052,3
7053,3
7054,3
7055,3
7056,3
7057,3
7058,3
7059,3
7060,3
7061,3
7062,2
7063,3
7064,3
7065,3
7066,3
7067,3
7068,3
7069,3
7070,3
7071,3
7072,3
7073,3
7074,3
7075,3
7076,3
7077,3
7078,3
7079,3
7080,3
7081,3
7082,3
7083,3
7084,3
7085,1
7086,3
7087,3
7088,3
7089,3
7090,3
7091,3
7092,3
7093,3
7094,3
7095,3
7096,3
7097,3
7098,3
7099,3
7100,3
7101,3
7102,3
7103,3
7104,3
7105,1
7106,3
7107,3
7108,3
7109,3
7110,3
7111,3
7112,3
7113,3
7114,3
7115,3
7116,3
7117,3
7118,2
7119,3
7120,3
7121,3
7122,3
7123,3
7124,3
7125,3
7126,3
7127,3
7128,3
7129,3
7130,3
7131,1
7132,2
7133,3
7134,3
7135,3
7136,3
7137,3
7138,3
7139,3
7140,3
7141,2
7142,3
7143,3
7144,3
7145,3
7146,3
7147,1
7148,3
7149,3
7150,3
7151,3
7152,3
7153,3
7154,3
7155,3
7156,3
7157,3
7158,3
7159,3
7160,3
7161,3
7162,3
7163,1
7164,3
7165,1
7166,3
7167,3
7168,3
7169,3
7170,3
7171,3
7172,3
7173,3
7174,3
7175,3
7176,3
7177,3
7178,2
7179,3
7180,3
7181,3
7182,3
7183,3
7184,1
7185,1
7186,3
7187,3
7188,3
7189,3
7190,3
7191,3
7192,3
7193,3
7194,3
7195,1
7196,3
7197,3
7198,3
7199,3
7200,3
7201,3
7202,3
7203,3
7204,3
7205,2
7206,3
7207,3
7208,3
7209,3
7210,3
7211,3
7212,3
7213,3
7214,3
7215,3
7216,3
7217,3
7218,3
7219,3
7220,3
7221,3
7222,3
7223,3
7224,3
7225,3
7226,3
7227,1
7228,3
7229,3
7230,3
7231,3
7232,3
7233,3
7234,3
7235,3
7236,3
7237,3
7238,3
7239,3
7240,3
7241,3
7242,3
7243,3
7244,3
7245,3
7246,3
7247,3
7248,3
7249,3
7250,3
7251,3
7252,3
7253,3
7254,3
7255,3
7256,3
7257,3
7258,3
7259,3
7260,3
7261,3
7262,3
7263,3
7264,3
7265,3
7266,3
7267,3
7268,3
7269,3
7270,3
7271,3
7272,3
7273,3
7274,3
7275,3
7276,3
7277,3
7278,3
7279,3
7280,3
7281,3
7282,3
7283,3
7284,3
7285,3
7286,3
7287,3
7288,3
7289,3
7290,3
7291,3
7292,3
7293,3
7294,1
7295,3
7296,3
7297,3
7298,3
7299,3
7300,3
7301,3
7302,3
7303,3
7304,2
7305,3
7306,3
7307,3
7308,3
7309,3
7310,3
7311,3
7312,3
7313,3
7314,3
7315,3
7316,3
7317,3
7318,3
7319,3
7320,3
7321,3
7322,3
7323,3
7324,3
7325,3
7326,1
7327,3
7328,3
7329,3
7330,3
7331,3
7332,3
7333,3
7334,3
7335,3
7336,3
7337,3
7338,1
7339,1
7340,3
7341,3
7342,3
7343,3
7344,3
7345,3
7346,3
7347,3
7348,3
7349,3
7350,3
7351,3
7352,3
7353,3
7354,3
7355,3
7356,3
7357,3
7358,3
7359,3
7360,3
7361,3
7362,3
7363,3
7364,3
7365,3
7366,3
7367,3
7368,3
7369,3
7370,3
7371,3
7372,3
7373,3
7374,3
7375,3
7376,3
7377,1
7378,3
7379,3
7380,3
7381,3
7382,3
7383,3
7384,3
7385,3
7386,3
7387,3
7388,3
7389,3
7390,3
7391,3
7392,3
7393,3
7394,3
7395,3
7396,3
7397,3
7398,2
7399,3
7400,3
7401,3
7402,3
7403,3
7404,3
7405,3
7406,3
7407,3
7408,3
7409,3
7410,3
7411,3
7412,3
7413,3
7414,3
7415,3
7416,3
7417,3
7418,1
7419,1
7420,3
7421,3
7422,3
7423,3
7424,3
7425,3
7426,3
7427,1
7428,3
7429,3
7430,3
7431,3
7432,1
7433,3
7434,3
7435,3
7436,3
7437,3
7438,3
7439,3
7440,3
7441,3
7442,3
7443,3
7444,1
7445,3
7446,3
7447,3
7448,3
7449,3
7450,3
7451,3
7452,3
7453,3
7454,3
7455,3
7456,3
7457,3
7458,3
7459,3
7460,3
7461,3
7462,3
7463,3
7464,1
7465,3
7466,3
7467,3
7468,3
7469,3
7470,3
7471,3
7472,3
7473,3
7474,3
7475,3
7476,3
7477,3
7478,3
7479,3
7480,3
7481,2
7482,3
7483,3
7484,3
7485,3
7486,3
7487,3
7488,3
7489,3
7490,3
7491,3
7492,3
7493,3
7494,3
7495,1
7496,3
7497,3
7498,3
7499,3
7500,3
7501,1
7502,1
7503,3
7504,3
7505,3
7506,0
7507,0
7508,1
7509,3
7510,1
7511,3
7512,3
7513,1
7514,3
7515,3
7516,3
7517,3
7518,3
7519,1
7520,3
7521,3
7522,3
7523,3
7524,3
7525,3
7526,3
7527,3
7528,3
7529,3
7530,3
7531,3
7532,3
7533,1
7534,3
7535,3
7536,3
7537,1
7538,3
7539,1
7540,3
7541,3
7542,3
7543,3
7544,3
7545,3
7546,3
7547,3
7548,3
7549,3
7550,3
7551,3
7552,3
7553,3
7554,3
7555,3
7556,3
7557,3
7558,3
7559,3
7560,3
7561,3
7562,3
7563,3
7564,3
7565,3
7566,3
7567,3
7568,3
7569,3
7570,3
7571,3
7572,3
7573,3
7574,3
7575,3
7576,2
7577,1
7578,3
7579,3
7580,3
7581,3
7582,3
7583,3
7584,3
7585,3
7586,3
7587,0
7588,3
7589,3
7590,3
7591,3
7592,3
7593,3
7594,3
7595,3
7596,3
7597,3
7598,3
7599,3
7600,3
7601,3
7602,3
7603,3
7604,1
7605,3
7606,3
7607,3
7608,3
7609,1
7610,3
7611,3
7612,3
7613,3
7614,3
7615,3
7616,3
7617,3
7618,3
7619,1
7620,1
7621,3
7622,3
7623,1
7624,3
7625,3
7626,3
7627,3
7628,3
7629,3
7630,3
7631,3
7632,3
7633,3
7634,3
7635,3
7636,3
7637,3
7638,3
7639,3
7640,3
7641,3
7642,3
7643,3
7644,3
7645,3
7646,1
7647,3
7648,3
7649,3
7650,3
7651,3
7652,3
7653,1
7654,1
7655,1
7656,3
7657,1
7658,1
7659,3
7660,3
7661,3
7662,1
7663,3
7664,3
7665,1
7666,3
7667,3
7668,3
7669,3
7670,3
7671,3
7672,1
7673,1
7674,1
7675,3
7676,3
7677,3
7678,1
7679,1
7680,3
7681,3
7682,3
7683,3
7684,1
7685,1
7686,1
7687,3
7688,3
7689,1
7690,3
7691,3
7692,0
7693,3
7694,3
7695,3
7696,3
7697,1
7698,3
7699,3
7700,3
7701,3
7702,3
7703,1
7704,3
7705,3
7706,3
7707,1
7708,3
7709,1
7710,3
7711,3
7712,3
7713,3
7714,1
7715,3
7716,1
7717,1
7718,3
7719,3
7720,3
7721,3
7722,3
7723,2
7724,3
7725,3
7726,1
7727,3
7728,3
7729,0
7730,3
7731,3
7732,3
7733,1
7734,3
7735,3
7736,3
7737,3
7738,3
7739,3
7740,3
7741,3
7742,3
7743,3
7744,1
7745,3
7746,3
7747,3
7748,3
7749,3
7750,3
7751,3
7752,3
7753,3
7754,3
7755,3
7756,3
7757,3
7758,3
7759,3
7760,3
7761,3
7762,3
7763,3
7764,3
7765,3
7766,3
7767,0
7768,3
7769,1
7770,3
7771,3
7772,1
7773,1
7774,3
7775,3
7776,3
7777,3
7778,3
7779,2
7780,3
7781,3
7782,3
7783,3
7784,1
7785,3
7786,3
7787,3
7788,3
7789,3
7790,1
7791,3
7792,3
7793,3
7794,3
7795,3
7796,3
7797,1
7798,3
7799,3
7800,3
7801,2
7802,3
7803,3
7804,3
7805,3
7806,3
7807,3
7808,3
7809,3
7810,3
7811,3
7812,3
7813,1
7814,1
7815,2
7816,1
7817,3
7818,3
7819,3
7820,3
7821,3
7822,3
7823,3
7824,3
7825,1
7826,3
7827,3
7828,3
7829,3
7830,3
7831,3
7832,3
7833,3
7834,3
7835,3
7836,1
7837,3
7838,1
7839,3
7840,3
7841,3
7842,3
7843,1
7844,1
7845,1
7846,3
7847,3
7848,3
7849,3
7850,1
7851,1
7852,3
7853,3
7854,3
7855,3
7856,3
7857,3
7858,3
7859,3
7860,3
7861,3
7862,3
7863,3
7864,3
7865,3
7866,1
7867,3
7868,3
7869,3
7870,3
7871,3
7872,3
7873,1
7874,1
7875,3
7876,3
7877,3
7878,3
7879,3
7880,1
7881,3
7882,3
7883,3
7884,3
7885,1
7886,3
7887,3
7888,3
7889,1
7890,3
7891,3
7892,3
7893,3
7894,1
7895,3
7896,3
7897,3
7898,3
7899,3
7900,3
7901,3
7902,2
7903,3
7904,1
7905,3
7906,3
7907,3
7908,3
7909,3
7910,3
7911,1
7912,3
7913,3
7914,3
7915,3
7916,3
7917,1
7918,3
7919,3
7920,3
7921,3
7922,3
7923,1
7924,3
7925,1
7926,3
7927,1
7928,3
7929,3
7930,3
7931,3
7932,3
7933,1
7934,3
7935,3
7936,3
7937,3
7938,3
7939,3
7940,1
7941,3
7942,3
7943,3
7944,3
7945,3
7946,1
7947,1
7948,3
7949,3
7950,3
7951,3
7952,3
7953,3
7954,1
7955,1
7956,3
7957,1
7958,3
7959,3
7960,3
7961,1
7962,3
7963,3
7964,3
7965,3
7966,3
7967,3
7968,1
7969,1
7970,3
7971,3
7972,3
7973,3
7974,3
7975,3
7976,3
7977,1
7978,3
7979,3
7980,1
7981,3
7982,3
7983,3
7984,3
7985,3
7986,3
7987,1
7988,3
7989,1
7990,3
7991,3
7992,3
7993,3
7994,1
7995,3
7996,3
7997,3
7998,3
7999,3
8000,3
8001,3
8002,3
8003,3
8004,3
8005,3
8006,3
8007,3
8008,3
8009,3
8010,3
8011,3
8012,3
8013,3
8014,3
8015,3
8016,3
8017,1
8018,3
8019,3
8020,3
8021,3
8022,3
8023,3
8024,3
8025,3
8026,3
8027,1
8028,3
8029,3
8030,3
8031,3
8032,3
8033,3
8034,3
8035,3
8036,3
8037,3
8038,3
8039,3
8040,3
8041,0
8042,3
8043,0
8044,3
8045,3
8046,3
8047,1
8048,3
8049,3
8050,3
8051,1
8052,3
8053,1
8054,3
8055,3
8056,3
8057,3
8058,3
8059,3
8060,3
8061,3
8062,3
8063,3
8064,3
8065,3
8066,3
8067,3
8068,1
8069,3
8070,3
8071,3
8072,1
8073,3
8074,1
8075,3
8076,3
8077,3
8078,1
8079,3
8080,3
8081,3
8082,3
8083,3
8084,3
8085,3
8086,3
8087,3
8088,1
8089,3
8090,3
8091,3
8092,3
8093,3
8094,3
8095,3
8096,3
8097,3
8098,3
8099,3
8100,3
8101,3
8102,3
8103,1
8104,3
8105,3
8106,3
8107,3
8108,3
8109,3
8110,3
8111,3
8112,3
8113,3
8114,3
8115,3
8116,3
8117,3
8118,3
8119,3
8120,3
8121,3
8122,3
8123,3
8124,3
8125,3
8126,3
8127,3
8128,3
8129,3
8130,3
8131,3
8132,3
8133,3
8134,3
8135,3
8136,3
8137,3
8138,3
8139,1
8140,3
8141,3
8142,3
8143,3
8144,3
8145,3
8146,3
8147,3
8148,3
8149,3
8150,3
8151,3
8152,3
8153,3
8154,3
8155,3
8156,3
8157,3
8158,3
8159,3
8160,3
8161,3
8162,3
8163,3
8164,3
8165,3
8166,3
8167,3
8168,1
8169,3
8170,3
8171,3
8172,3
8173,3
8174,3
8175,3
8176,3
8177,3
8178,3
8179,3
8180,3
8181,3
8182,3
8183,3
8184,3
8185,3
8186,3
8187,3
8188,3
8189,3
8190,3
8191,3
8192,3
8193,3
8194,3
8195,3
8196,3
8197,3
8198,3
8199,1
8200,3
8201,1
8202,3
8203,3
8204,3
8205,3
8206,3
8207,3
8208,3
8209,3
8210,3
8211,3
8212,3
8213,3
8214,3
8215,3
8216,3
8217,3
8218,3
8219,3
8220,3
8221,3
8222,3
8223,3
8224,3
8225,3
8226,3
8227,3
8228,3
8229,3
8230,3
8231,3
8232,3
8233,3
8234,3
8235,3
8236,3
8237,3
8238,1
8239,3
8240,3
8241,3
8242,3
8243,3
8244,3
8245,3
8246,3
8247,1
8248,1
8249,3
8250,3
8251,3
8252,3
8253,3
8254,3
8255,3
8256,3
8257,3
8258,3
8259,3
8260,3
8261,3
8262,3
8263,3
8264,3
8265,3
8266,3
8267,3
8268,3
8269,3
8270,3
8271,3
8272,3
8273,3
8274,3
8275,1
8276,3
8277,3
8278,3
8279,3
8280,3
8281,3
8282,1
8283,3
8284,3
8285,3
8286,3
8287,3
8288,3
8289,3
8290,3
8291,3
8292,3
8293,3
8294,3
8295,3
8296,3
8297,3
8298,3
8299,3
8300,3
8301,3
8302,3
8303,3
8304,3
8305,3
8306,3
8307,3
8308,3
8309,3
8310,3
8311,3
8312,3
8313,3
8314,3
8315,3
8316,3
8317,3
8318,3
8319,3
8320,3
8321,3
8322,3
8323,3
8324,3
8325,3
8326,3
8327,3
8328,3
8329,3
8330,3
8331,3
8332,3
8333,3
8334,3
8335,3
8336,3
8337,3
8338,3
8339,1
8340,3
8341,3
8342,3
8343,3
8344,3
8345,3
8346,3
8347,3
8348,3
8349,3
8350,3
8351,3
8352,3
8353,3
8354,3
8355,3
8356,3
8357,3
8358,3
8359,1
8360,3
8361,3
8362,3
8363,3
8364,3
8365,1
8366,3
8367,3
8368,3
8369,3
8370,1
8371,3
8372,3
8373,3
8374,3
8375,3
8376,3
8377,3
8378,3
8379,3
8380,3
8381,3
8382,3
8383,3
8384,3
8385,3
8386,3
8387,3
8388,3
8389,3
8390,3
8391,1
8392,3
8393,3
8394,3
8395,3
8396,3
8397,3
8398,3
8399,3
8400,3
8401,3
8402,3
8403,3
8404,3
8405,3
8406,3
8407,1
8408,3
8409,3
8410,3
8411,3
8412,1
8413,3
8414,3
8415,1
8416,3
8417,3
8418,3
8419,3
8420,3
8421,3
8422,3
8423,3
8424,3
8425,3
8426,1
8427,3
8428,3
8429,3
8430,3
8431,3
8432,3
8433,3
8434,3
8435,3
8436,3
8437,3
8438,3
8439,3
8440,3
8441,3
8442,3
8443,1
8444,3
8445,3
8446,3
8447,3
8448,3
8449,3
8450,3
8451,1
8452,3
8453,1
8454,3
8455,3
8456,3
8457,3
8458,1
8459,3
8460,3
8461,3
8462,3
8463,3
8464,3
8465,3
8466,3
8467,3
8468,3
8469,3
8470,3
8471,3
8472,3
8473,1
8474,3
8475,3
8476,3
8477,1
8478,3
8479,1
8480,3
8481,3
8482,3
8483,3
8484,3
8485,3
8486,3
8487,3
8488,1
8489,3
8490,1
8491,3
8492,1
8493,3
8494,3
8495,3
8496,3
8497,3
8498,3
8499,1
8500,3
8501,3
8502,3
8503,3
8504,3
8505,3
8506,3
8507,3
8508,3
8509,1
8510,3
8511,3
8512,1
8513,3
8514,1
8515,3
8516,3
8517,3
8518,3
8519,3
8520,3
8521,3
8522,3
8523,3
8524,3
8525,3
8526,3
8527,3
8528,1
8529,3
8530,3
8531,3
8532,3
8533,3
8534,3
8535,3
8536,3
8537,3
8538,3
8539,3
8540,1
8541,3
8542,3
8543,3
8544,3
8545,3
8546,3
8547,3
8548,1
8549,3
8550,3
8551,3
8552,3
8553,3
8554,1
8555,3
8556,3
8557,3
8558,3
8559,3
8560,3
8561,3
8562,3
8563,3
8564,3
8565,3
8566,3
8567,3
8568,3
8569,3
8570,3
8571,3
8572,3
8573,3
8574,3
8575,3
8576,3
8577,3
8578,3
8579,3
8580,3
8581,3
8582,3
8583,3
8584,3
8585,3
8586,3
8587,3
8588,3
8589,3
8590,3
8591,3
8592,3
8593,3
8594,3
8595,3
8596,3
8597,3
8598,3
8599,3
8600,3
8601,3
8602,3
8603,3
8604,3
8605,3
8606,3
8607,3
8608,1
8609,3
8610,3
8611,1
8612,3
8613,3
8614,3
8615,3
8616,3
8617,3
8618,1
8619,3
8620,3
8621,3
8622,3
8623,3
8624,3
8625,3
8626,3
8627,3
8628,3
8629,3
8630,3
8631,3
8632,3
8633,3
8634,3
8635,3
8636,3
8637,3
8638,3
8639,3
8640,3
8641,3
8642,3
8643,1
8644,3
8645,3
8646,3
8647,3
8648,3
8649,3
8650,3
8651,3
8652,3
8653,3
8654,3
8655,3
8656,3
8657,1
8658,3
8659,3
8660,3
8661,3
8662,3
8663,3
8664,3
8665,1
8666,3
8667,3
8668,3
8669,3
8670,3
8671,3
8672,3
8673,3
8674,3
8675,3
8676,3
8677,1
8678,1
8679,3
8680,1
8681,3
8682,3
8683,3
8684,3
8685,3
8686,3
8687,3
8688,3
8689,3
8690,3
8691,3
8692,3
8693,3
8694,3
8695,3
8696,1
8697,3
8698,3
8699,3
8700,3
8701,3
8702,3
8703,3
8704,3
8705,1
8706,3
8707,3
8708,3
8709,3
8710,1
8711,1
8712,3
8713,3
8714,3
8715,3
8716,3
8717,3
8718,3
8719,3
8720,3
8721,3
8722,1
8723,3
8724,3
8725,3
8726,3
8727,3
8728,3
8729,3
8730,3
8731,3
8732,3
8733,3
8734,3
8735,3
8736,3
8737,3
8738,1
8739,1
8740,3
8741,3
8742,3
8743,3
8744,3
8745,3
8746,3
8747,3
8748,3
8749,3
8750,3
8751,3
8752,3
8753,3
8754,3
8755,1
8756,3
8757,3
8758,3
8759,3
8760,3
8761,1
8762,3
8763,3
8764,3
8765,3
8766,3
8767,3
8768,1
8769,3
8770,3
8771,3
8772,3
8773,3
8774,1
8775,3
8776,3
8777,3
8778,3
8779,3
8780,3
8781,1
8782,3
8783,3
8784,3
8785,3
8786,3
8787,3
8788,3
8789,3
8790,1
8791,3
8792,3
8793,3
8794,3
8795,3
8796,3
8797,3
8798,3
8799,3
8800,1
8801,3
8802,3
8803,3
8804,3
8805,3
8806,3
8807,3
8808,3
8809,3
8810,3
8811,1
8812,3
8813,3
8814,3
8815,3
8816,3
8817,3
8818,3
8819,3
8820,3
8821,1
8822,3
8823,1
8824,3
8825,3
8826,3
8827,3
8828,1
8829,3
8830,3
8831,3
8832,3
8833,3
8834,3
8835,3
8836,3
8837,3
8838,3
8839,3
8840,3
8841,3
8842,3
8843,3
8844,3
8845,3
8846,3
8847,3
8848,3
8849,3
8850,3
8851,3
8852,3
8853,3
8854,3
8855,3
8856,1
8857,3
8858,3
8859,1
8860,1
8861,3
8862,3
8863,1
8864,3
8865,3
8866,3
8867,1
8868,1
8869,3
8870,3
8871,3
8872,3
8873,3
8874,3
8875,1
8876,3
8877,3
8878,1
8879,3
8880,3
8881,3
8882,3
8883,3
8884,3
8885,3
8886,1
8887,3
8888,1
8889,3
8890,3
8891,3
8892,3
8893,1
8894,3
8895,3
8896,3
8897,3
8898,1
8899,3
8900,3
8901,3
8902,3
8903,3
8904,1
8905,3
8906,3
8907,3
8908,3
8909,3
8910,1
8911,3
8912,3
8913,3
8914,3
8915,3
8916,3
8917,3
8918,3
8919,3
8920,1
8921,3
8922,3
8923,3
8924,3
8925,3
8926,1
8927,3
8928,3
8929,3
8930,3
8931,3
8932,3
8933,3
8934,3
8935,3
8936,3
8937,3
8938,3
8939,3
8940,3
8941,3
8942,3
8943,3
8944,3
8945,3
8946,3
8947,1
8948,3
8949,3
8950,3
8951,3
8952,3
8953,3
8954,3
8955,3
8956,3
8957,3
8958,3
8959,3
8960,3
8961,3
8962,3
8963,3
8964,3
8965,3
8966,1
8967,1
8968,3
8969,3
8970,3
8971,3
8972,3
8973,1
8974,3
8975,3
8976,3
8977,3
8978,1
8979,3
8980,3
8981,3
8982,3
8983,1
8984,1
8985,3
8986,1
8987,3
8988,3
8989,3
8990,3
8991,1
8992,3
8993,3
8994,3
8995,1
8996,1
8997,3
8998,3
8999,3
9000,3
9001,3
9002,3
9003,3
9004,3
9005,3
9006,3
9007,3
9008,3
9009,3
9010,3
9011,3
9012,3
9013,3
9014,3
9015,3
9016,3
9017,3
9018,3
9019,3
9020,1
9021,3
9022,3
9023,3
9024,3
9025,3
9026,3
9027,3
9028,3
9029,1
9030,3
9031,3
9032,1
9033,3
9034,3
9035,3
9036,1
9037,3
9038,3
9039,3
9040,3
9041,3
9042,1
9043,1
9044,3
9045,3
9046,3
9047,3
9048,3
9049,3
9050,3
9051,3
9052,3
9053,3
9054,3
9055,3
9056,1
9057,3
9058,3
9059,3
9060,3
9061,3
9062,3
9063,3
9064,3
9065,3
9066,3
9067,1
9068,3
9069,3
9070,3
9071,3
9072,0
9073,3
9074,1
9075,3
9076,3
9077,3
9078,3
9079,1
9080,3
9081,3
9082,3
9083,3
9084,3
9085,3
9086,3
9087,3
9088,3
9089,3
9090,3
9091,1
9092,3
9093,1
9094,1
9095,3
9096,3
9097,3
9098,3
9099,3
9100,3
9101,3
9102,3
9103,3
9104,3
9105,3
9106,3
9107,1
9108,3
9109,3
9110,3
9111,3
9112,3
9113,3
9114,1
9115,3
9116,3
9117,3
9118,3
9119,3
9120,3
9121,3
9122,3
9123,3
9124,3
9125,3
9126,3
9127,3
9128,3
9129,3
9130,3
9131,3
9132,3
9133,3
9134,3
9135,3
9136,3
9137,3
9138,3
9139,3
9140,3
9141,3
9142,3
9143,3
9144,1
9145,1
9146,3
9147,3
9148,3
9149,3
9150,3
9151,3
9152,3
9153,3
9154,3
9155,3
9156,3
9157,1
9158,3
9159,3
9160,3
9161,3
9162,3
9163,3
9164,3
9165,3
9166,1
9167,3
9168,3
9169,3
9170,3
9171,3
9172,3
9173,3
9174,3
9175,3
9176,3
9177,3
9178,3
9179,3
9180,3
9181,3
9182,3
9183,3
9184,3
9185,3
9186,3
9187,3
9188,3
9189,3
9190,3
9191,3
9192,3
9193,3
9194,3
9195,1
9196,3
9197,3
9198,1
9199,3
9200,1
9201,3
9202,1
9203,3
9204,3
9205,3
9206,3
9207,3
9208,3
9209,3
9210,3
9211,3
9212,3
9213,3
9214,3
9215,3
9216,0
9217,3
9218,3
9219,3
9220,3
9221,3
9222,1
9223,3
9224,3
9225,3
9226,3
9227,3
9228,3
9229,3
9230,3
9231,3
9232,3
9233,1
9234,3
9235,3
9236,3
9237,3
9238,3
9239,3
9240,3
9241,1
9242,3
9243,3
9244,3
9245,3
9246,3
9247,3
9248,3
9249,3
9250,3
9251,3
9252,3
9253,3
9254,3
9255,3
9256,3
9257,3
9258,3
9259,3
9260,3
9261,3
9262,3
9263,3
9264,3
9265,3
9266,1
9267,3
9268,3
9269,3
9270,3
9271,3
9272,3
9273,3
9274,3
9275,1
9276,3
9277,3
9278,3
9279,3
9280,3
9281,3
9282,3
9283,3
9284,3
9285,3
9286,3
9287,3
9288,3
9289,3
9290,3
9291,3
9292,1
9293,3
9294,3
9295,3
9296,1
9297,3
9298,3
9299,3
9300,3
9301,3
9302,3
9303,3
9304,3
9305,3
9306,0
9307,3
9308,3
9309,1
9310,1
9311,1
9312,1
9313,1
9314,3
9315,3
9316,3
9317,3
9318,3
9319,3
9320,3
9321,1
9322,3
9323,3
9324,1
9325,3
9326,3
9327,3
9328,1
9329,3
9330,3
9331,3
9332,3
9333,3
9334,3
9335,3
9336,3
9337,3
9338,3
9339,3
9340,3
9341,3
9342,3
9343,3
9344,3
9345,3
9346,3
9347,3
9348,3
9349,3
9350,3
9351,3
9352,3
9353,3
9354,3
9355,3
9356,3
9357,3
9358,3
9359,3
9360,3
9361,1
9362,3
9363,3
9364,3
9365,3
9366,3
9367,3
9368,3
9369,3
9370,3
9371,3
9372,3
9373,3
9374,3
9375,3
9376,3
9377,3
9378,3
9379,1
9380,1
9381,3
9382,3
9383,3
9384,0
9385,3
9386,1
9387,3
9388,3
9389,3
9390,3
9391,3
9392,3
9393,3
9394,3
9395,3
9396,3
9397,3
9398,3
9399,1
9400,3
9401,1
9402,3
9403,3
9404,3
9405,3
9406,3
9407,3
9408,3
9409,3
9410,3
9411,3
9412,3
9413,1
9414,3
9415,3
9416,3
9417,3
9418,1
9419,3
9420,3
9421,3
9422,3
9423,3
9424,3
9425,3
9426,3
9427,3
9428,3
9429,3
9430,3
9431,3
9432,3
9433,3
9434,3
9435,3
9436,3
9437,1
9438,3
9439,3
9440,3
9441,3
9442,3
9443,3
9444,3
9445,3
9446,3
9447,1
9448,3
9449,3
9450,3
9451,3
9452,3
9453,1
9454,1
9455,3
9456,3
9457,3
9458,1
9459,3
9460,3
9461,3
9462,3
9463,3
9464,3
9465,3
9466,3
9467,3
9468,3
9469,3
9470,3
9471,3
9472,1
9473,3
9474,3
9475,3
9476,3
9477,3
9478,3
9479,3
9480,3
9481,1
9482,3
9483,3
9484,3
9485,3
9486,3
9487,3
9488,3
9489,3
9490,3
9491,3
9492,3
9493,3
9494,3
9495,3
9496,3
9497,3
9498,3
9499,3
9500,3
9501,3
9502,3
9503,3
9504,3
9505,3
9506,3
9507,3
9508,3
9509,3
9510,3
9511,3
9512,3
9513,3
9514,3
9515,1
9516,3
9517,1
9518,3
9519,3
9520,3
9521,3
9522,3
9523,3
9524,3
9525,3
9526,3
9527,3
9528,3
9529,3
9530,3
9531,3
9532,3
9533,3
9534,3
9535,3
9536,3
9537,3
9538,3
9539,3
9540,3
9541,3
9542,3
9543,3
9544,1
9545,3
9546,3
9547,3
9548,3
9549,3
9550,3
9551,3
9552,3
9553,3
9554,3
9555,3
9556,3
9557,3
9558,3
9559,3
9560,3
9561,1
9562,3
9563,3
9564,3
9565,3
9566,1
9567,3
9568,3
9569,1
9570,3
9571,3
9572,3
9573,3
9574,3
9575,3
9576,3
9577,3
9578,3
9579,3
9580,3
9581,3
9582,3
9583,3
9584,3
9585,3
9586,3
9587,3
9588,3
9589,3
9590,3
9591,3
9592,1
9593,3
9594,1
9595,3
9596,3
9597,3
9598,3
9599,3
9600,3
9601,3
9602,3
9603,3
9604,3
9605,3
9606,3
9607,3
9608,3
9609,3
9610,3
9611,1
9612,3
9613,3
9614,3
9615,3
9616,3
9617,3
9618,1
9619,1
9620,3
9621,3
9622,3
9623,3
9624,3
9625,3
9626,3
9627,3
9628,3
9629,3
9630,3
9631,3
9632,3
9633,1
9634,3
9635,3
9636,3
9637,3
9638,3
9639,3
9640,3
9641,1
9642,3
9643,3
9644,3
9645,1
9646,3
9647,3
9648,3
9649,3
9650,3
9651,3
9652,3
9653,3
9654,3
9655,3
9656,3
9657,1
9658,3
9659,3
9660,3
9661,3
9662,3
9663,3
9664,3
9665,3
9666,3
9667,1
9668,3
9669,3
9670,3
9671,3
9672,3
9673,3
9674,3
9675,3
9676,3
9677,1
9678,3
9679,3
9680,3
9681,3
9682,3
9683,3
9684,3
9685,3
9686,3
9687,3
9688,1
9689,3
9690,3
9691,3
9692,3
9693,3
9694,3
9695,3
9696,3
9697,3
9698,3
9699,3
9700,3
9701,3
9702,3
9703,3
9704,3
9705,3
9706,3
9707,3
9708,3
9709,3
9710,3
9711,3
9712,3
9713,3
9714,1
9715,3
9716,3
9717,3
9718,3
9719,3
9720,3
9721,3
9722,3
9723,3
9724,3
9725,3
9726,3
9727,1
9728,3
9729,3
9730,3
9731,3
9732,3
9733,3
9734,3
9735,3
9736,3
9737,3
9738,3
9739,3
9740,3
9741,3
9742,3
9743,3
9744,3
9745,3
9746,3
9747,3
9748,3
9749,1
9750,3
9751,3
9752,3
9753,3
9754,3
9755,3
9756,3
9757,3
9758,3
9759,3
9760,3
9761,3
9762,3
9763,3
9764,1
9765,3
9766,3
9767,3
9768,3
9769,3
9770,3
9771,3
9772,3
9773,3
9774,3
9775,3
9776,3
9777,3
9778,3
9779,1
9780,3
9781,3
9782,3
9783,3
9784,3
9785,3
9786,1
9787,1
9788,3
9789,3
9790,3
9791,3
9792,3
9793,1
9794,3
9795,3
9796,3
9797,3
9798,3
9799,3
9800,3
9801,3
9802,3
9803,3
9804,3
9805,3
9806,0
9807,3
9808,1
9809,1
9810,3
9811,1
9812,3
9813,3
9814,1
9815,3
9816,3
9817,1
9818,3
9819,1
9820,3
9821,3
9822,1
9823,3
9824,3
9825,3
9826,3
9827,1
9828,3
9829,3
9830,3
9831,3
9832,3
9833,3
9834,3
9835,3
9836,3
9837,3
9838,3
9839,3
9840,3
9841,1
9842,3
9843,3
9844,3
9845,3
9846,1
9847,3
9848,3
9849,3
9850,3
9851,3
9852,3
9853,3
9854,3
9855,1
9856,1
9857,3
9858,1
9859,3
9860,3
9861,3
9862,3
9863,1
9864,3
9865,3
9866,3
9867,3
9868,3
9869,3
9870,3
9871,3
9872,3
9873,3
9874,3
9875,3
9876,3
9877,3
9878,1
9879,3
9880,1
9881,3
9882,3
9883,1
9884,3
9885,3
9886,3
9887,1
9888,3
9889,3
9890,3
9891,3
9892,1
9893,3
9894,1
9895,3
9896,3
9897,3
9898,1
9899,3
9900,1
9901,3
9902,3
9903,3
9904,3
9905,3
9906,3
9907,3
9908,1
9909,1
9910,3
9911,3
9912,3
9913,3
9914,3
9915,3
9916,3
9917,1
9918,3
9919,3
9920,3
9921,3
9922,3
9923,3
9924,3
9925,3
9926,3
9927,3
9928,3
9929,3
9930,1
9931,3
9932,3
9933,3
9934,3
9935,3
9936,3
9937,1
9938,3
9939,3
9940,3
9941,3
9942,3
9943,3
9944,3
9945,1
9946,3
9947,3
9948,3
9949,3
9950,3
9951,3
9952,3
9953,3
9954,3
9955,3
9956,3
9957,1
9958,3
9959,3
9960,1
9961,3
9962,3
9963,3
9964,3
9965,3
9966,3
9967,3
9968,3
9969,3
9970,1
9971,3
9972,3
9973,3
9974,3
9975,3
9976,3
9977,3
9978,3
9979,3
9980,3
9981,3
9982,3
9983,3
9984,3
9985,3
9986,3
9987,3
9988,3
9989,3
9990,3
9991,3
9992,3
9993,1
9994,3
9995,3
9996,3
9997,3
9998,3
9999,3
